city_id,year,days,maxTmax,maxTmaxDate,minTmin,meanTmax,meanTmin,meanTmaxAnomaly,hotSpellDays,hotSpellCount
portland,2006,365,39.8,2006-07-22,-6.4,17.967,7.48,0.252,17,4
portland,2007,365,38.7,2007-07-11,-8.3,17.202,7.145,-0.514,9,3
portland,2008,366,37.8,2008-08-15,-8.8,16.855,6.792,-0.846,11,3
portland,2009,365,42.1,2009-07-29,-12.8,17.522,7.004,-0.193,15,4
portland,2010,365,36.7,2010-08-15,-8.1,17.12,7.834,-0.596,11,3
portland,2011,365,35.0,2011-08-20,-8.0,16.29,6.889,-1.426,3,1
portland,2012,366,39.1,2012-08-05,-4.3,17.539,7.638,-0.161,8,2
portland,2013,365,35.3,2013-07-01,-12.6,17.364,7.368,-0.352,15,4
portland,2014,365,37.2,2014-07-02,-8.9,18.808,8.459,1.092,6,2
portland,2015,365,39.5,2015-07-30,-4.7,19.657,8.564,1.941,28,6
portland,2016,366,38.1,2016-08-19,-6.7,18.568,8.541,0.867,20,5
portland,2017,365,39.8,2017-08-02,-14.1,17.639,7.274,-0.077,15,4
portland,2018,365,37.4,2018-07-30,-7.3,18.755,7.849,1.039,9,3
portland,2019,365,35.9,2019-06-13,-5.1,17.482,7.365,-0.234,10,3
portland,2020,366,37.8,2020-08-16,-4.9,18.268,7.935,0.568,6,2
portland,2021,365,47.4,2021-06-29,-5.1,18.626,8.098,0.91,17,4
portland,2022,365,38.7,2022-07-27,-7.5,18.214,7.716,0.498,18,4
portland,2023,365,41.4,2023-08-15,-8.8,18.548,8.09,0.832,15,3
portland,2024,366,39.6,2024-07-10,-10.0,18.533,8.002,0.832,16,4
portland,2025,365,37.9,2025-08-22,-4.9,18.863,8.105,1.147,13,3
paris,2006,365,35.9,2006-07-19,-6.5,15.767,7.888,0.302,19,5
paris,2007,365,32.3,2007-08-05,-7.0,15.738,7.804,0.273,0,0
paris,2008,366,32.6,2008-07-31,-5.6,15.252,7.314,-0.197,4,1
paris,2009,365,35.8,2009-08-19,-11.8,15.726,7.207,0.262,4,1
paris,2010,365,33.9,2010-07-02,-11.8,14.357,6.442,-1.108,6,2
paris,2011,365,35.8,2011-06-27,-4.7,16.599,8.088,1.135,9,2
paris,2012,366,37.4,2012-08-18,-9.9,15.324,7.438,-0.125,6,2
paris,2013,365,34.7,2013-08-01,-7.8,14.631,7.206,-0.833,0,0
paris,2014,365,33.5,2014-07-18,-5.9,16.243,8.327,0.778,0,0
paris,2015,365,37.9,2015-07-01,-3.5,16.256,7.825,0.792,5,1
paris,2016,366,35.5,2016-08-25,-5.6,15.323,7.57,-0.126,8,2
paris,2017,365,35.8,2017-06-21,-8.0,16.05,7.765,0.585,13,3
paris,2018,365,35.9,2018-08-07,-8.7,16.701,8.227,1.236,9,3
paris,2019,365,41.0,2019-07-25,-4.7,16.429,7.889,0.964,14,3
paris,2020,366,37.2,2020-08-09,-3.2,17.134,8.476,1.685,15,3
paris,2021,365,31.5,2021-06-16,-6.4,15.44,7.277,-0.025,7,2
paris,2022,365,38.5,2022-07-19,-6.5,17.313,8.348,1.848,23,6
paris,2023,365,34.5,2023-09-09,-5.7,17.046,8.827,1.581,19,3
paris,2024,366,36.2,2024-08-12,-5.3,16.052,8.642,0.603,3,1
paris,2025,365,38.2,2025-07-01,-4.9,16.933,8.173,1.468,19,4
chongqing,2006,365,43.1,2006-08-15,2.0,23.162,16.432,1.113,36,6
chongqing,2007,365,36.8,2007-08-08,1.7,22.415,15.983,0.366,7,2
chongqing,2008,366,39.4,2008-07-31,-0.2,22.047,15.586,0.017,9,2
chongqing,2009,365,39.0,2009-07-19,1.5,22.25,16.042,0.201,9,2
chongqing,2010,365,41.4,2010-08-11,1.0,22.183,15.656,0.134,12,2
chongqing,2011,365,43.5,2011-08-17,-1.1,22.45,15.718,0.401,38,6
chongqing,2012,366,38.6,2012-08-12,-0.9,21.067,15.384,-0.963,0,0
chongqing,2013,365,41.6,2013-07-31,0.9,23.707,16.343,1.658,31,7
chongqing,2014,365,39.8,2014-08-06,1.1,21.694,15.586,-0.355,0,0
chongqing,2015,365,37.1,2015-08-02,2.3,22.672,16.339,0.623,0,0
chongqing,2016,366,40.2,2016-08-25,-0.8,22.478,16.192,0.448,3,1
chongqing,2017,365,42.0,2017-08-22,1.8,22.565,16.155,0.516,11,3
chongqing,2018,365,39.9,2018-07-20,1.3,22.415,15.862,0.366,16,4
chongqing,2019,365,38.7,2019-08-17,3.5,21.965,15.905,-0.084,0,0
chongqing,2020,366,39.6,2020-08-29,1.5,21.921,15.861,-0.11,4,1
chongqing,2021,365,40.3,2021-08-03,-1.8,22.302,15.858,0.253,13,3
chongqing,2022,365,43.3,2022-08-18,1.3,23.576,16.498,1.527,34,2
chongqing,2023,365,37.8,2023-08-09,0.9,23.055,16.056,1.005,0,0
chongqing,2024,366,42.7,2024-08-27,1.1,23.825,17.26,1.794,45,4
chongqing,2025,365,39.5,2025-07-16,0.1,23.441,16.64,1.392,16,5
new_delhi,2006,365,44.5,2006-05-06,3.3,31.659,20.276,0.649,3,1
new_delhi,2007,365,45.8,2007-06-09,5.2,31.238,19.727,0.228,3,1
new_delhi,2008,366,42.6,2008-05-03,4.1,30.662,19.509,-0.336,3,1
new_delhi,2009,365,43.5,2009-06-24,6.7,31.944,20.213,0.934,30,4
new_delhi,2010,365,45.1,2010-05-17,6.0,31.584,20.518,0.573,9,2
new_delhi,2011,365,42.8,2011-06-06,3.8,30.502,19.316,-0.508,0,0
new_delhi,2012,366,44.9,2012-05-30,4.2,30.68,19.279,-0.318,9,2
new_delhi,2013,365,45.1,2013-05-23,4.0,30.157,19.437,-0.853,6,1
new_delhi,2014,365,44.9,2014-06-07,5.1,30.76,19.521,-0.25,30,4
new_delhi,2015,365,44.5,2015-05-25,5.3,30.592,19.876,-0.418,11,2
new_delhi,2016,366,44.1,2016-05-18,5.8,31.706,20.453,0.708,0,0
new_delhi,2017,365,44.9,2017-06-04,4.3,31.411,19.991,0.401,0,0
new_delhi,2018,365,44.4,2018-05-26,4.7,31.445,20.031,0.435,0,0
new_delhi,2019,365,45.7,2019-06-10,2.5,30.659,20.065,-0.352,7,2
new_delhi,2020,366,44.8,2020-05-26,2.6,30.489,19.416,-0.508,8,1
new_delhi,2021,365,43.1,2021-06-09,4.9,31.177,20.141,0.167,12,3
new_delhi,2022,365,44.7,2022-05-15,6.7,31.415,20.584,0.405,17,3
new_delhi,2023,365,43.9,2023-05-23,3.7,30.796,20.034,-0.214,7,1
new_delhi,2024,366,46.5,2024-05-28,4.7,30.937,20.472,-0.061,19,3
new_delhi,2025,365,43.6,2025-06-10,6.7,30.607,20.072,-0.404,0,0
sao_paulo,2006,365,34.3,2006-09-15,5.3,25.183,16.347,-0.009,0,0
sao_paulo,2007,365,34.4,2007-10-21,5.5,25.507,16.288,0.315,14,3
sao_paulo,2008,366,33.0,2008-10-15,7.9,24.672,15.912,-0.527,0,0
sao_paulo,2009,365,32.7,2009-03-02,6.4,24.879,16.66,-0.314,3,1
sao_paulo,2010,365,32.7,2010-02-06,7.6,25.332,16.162,0.139,10,2
sao_paulo,2011,365,33.7,2011-10-01,4.7,25.052,15.841,-0.141,3,1
sao_paulo,2012,366,34.5,2012-10-31,7.3,25.619,16.402,0.42,14,4
sao_paulo,2013,365,33.7,2013-12-27,5.8,24.838,15.959,-0.354,3,1
sao_paulo,2014,365,36.2,2014-10-19,8.4,26.517,16.758,1.325,26,3
sao_paulo,2015,365,35.0,2015-09-24,10.4,26.115,17.493,0.922,18,4
sao_paulo,2016,366,33.8,2016-10-19,3.2,25.583,16.492,0.384,7,2
sao_paulo,2017,365,34.2,2017-10-12,7.6,25.662,16.598,0.47,7,2
sao_paulo,2018,365,33.9,2018-12-20,7.8,25.534,16.625,0.341,8,1
sao_paulo,2019,365,35.3,2019-11-04,5.2,26.119,16.879,0.926,14,3
sao_paulo,2020,366,36.9,2020-10-02,6.7,25.597,15.877,0.398,3,1
sao_paulo,2021,365,34.2,2021-09-20,2.2,25.186,15.762,-0.006,4,1
sao_paulo,2022,365,32.9,2022-09-09,5.2,24.699,15.571,-0.493,4,1
sao_paulo,2023,365,36.3,2023-09-24,8.0,26.032,16.635,0.839,18,4
sao_paulo,2024,366,35.4,2024-10-02,3.4,26.36,16.714,1.161,11,3
sao_paulo,2025,365,34.0,2025-12-28,4.6,25.191,15.979,-0.002,14,3
sydney,2006,365,34.6,2006-01-01,7.7,20.64,15.964,0.192,0,0
sydney,2007,365,30.2,2007-01-21,4.9,20.413,16.141,-0.035,0,0
sydney,2008,366,30.2,2008-10-31,7.4,19.835,15.314,-0.622,0,0
sydney,2009,365,32.3,2009-01-24,8.0,20.685,16.122,0.236,10,3
sydney,2010,365,34.5,2010-01-23,5.5,20.341,16.106,-0.107,3,1
sydney,2011,365,33.4,2011-02-05,7.7,20.166,15.836,-0.282,13,3
sydney,2012,366,29.2,2012-12-20,7.4,20.106,15.436,-0.351,0,0
sydney,2013,365,35.5,2013-01-18,8.6,21.012,16.049,0.564,0,0
sydney,2014,365,32.5,2014-11-21,8.5,20.693,16.229,0.245,0,0
sydney,2015,365,33.8,2015-11-20,7.0,20.574,16.114,0.126,3,1
sydney,2016,366,31.4,2016-12-14,7.1,21.301,16.447,0.844,9,3
sydney,2017,365,34.9,2017-01-31,7.9,21.205,16.473,0.757,7,2
sydney,2018,365,33.7,2018-01-07,6.3,20.904,16.113,0.455,9,3
sydney,2019,365,31.5,2019-01-05,7.7,21.398,16.271,0.95,3,1
sydney,2020,366,34.4,2020-11-29,7.7,20.621,16.127,0.165,3,1
sydney,2021,365,30.0,2021-01-26,7.1,20.293,15.627,-0.155,0,0
sydney,2022,365,27.9,2022-02-10,7.3,20.044,15.952,-0.404,0,0
sydney,2023,365,32.2,2023-03-06,7.9,21.08,16.047,0.632,7,2
sydney,2024,366,33.1,2024-01-26,8.0,21.127,16.645,0.67,0,0
sydney,2025,365,32.4,2025-10-22,7.7,21.245,16.533,0.797,9,3
