time,temperature_2m,relative_humidity_2m,pressure_msl,cloud_cover,shortwave_radiation,wind_speed_10m,wind_direction_10m,soil_moisture_0_to_7cm,soil_moisture_7_to_28cm,precipitation
2018-07-10T00:00:00Z,14.3,82,1019.0,89,0.0,2.06,23,0.189,0.229,0.0
2018-07-10T01:00:00Z,14.2,84,1019.2,88,0.0,2.15,22,0.189,0.229,0.0
2018-07-10T02:00:00Z,13.9,86,1019.3,86,0.0,2.09,17,0.189,0.229,0.0
2018-07-10T03:00:00Z,14.2,88,1019.5,71,21.0,2.02,9,0.189,0.229,0.0
2018-07-10T04:00:00Z,15.2,85,1019.8,41,87.0,1.94,12,0.189,0.229,0.0
2018-07-10T05:00:00Z,16.6,79,1020.0,10,203.0,1.84,29,0.189,0.229,0.0
2018-07-10T06:00:00Z,18.1,73,1020.2,7,328.0,2.05,43,0.189,0.229,0.0
2018-07-10T07:00:00Z,19.6,67,1020.6,10,456.0,2.47,58,0.188,0.228,0.0
2018-07-10T08:00:00Z,21.2,61,1020.8,16,571.0,3.23,74,0.188,0.228,0.0
2018-07-10T09:00:00Z,22.2,56,1021.1,40,548.0,3.62,84,0.188,0.228,0.0
2018-07-10T10:00:00Z,22.6,54,1020.8,27,622.0,2.92,84,0.186,0.226,0.0
2018-07-10T11:00:00Z,23.2,52,1020.9,45,700.0,3.2,88,0.186,0.226,0.0
2018-07-10T12:00:00Z,23.3,51,1020.9,35,600.0,3.0,90,0.185,0.226,0.0
2018-07-10T13:00:00Z,23.9,47,1020.7,34,573.0,2.9,90,0.185,0.226,0.0
2018-07-10T14:00:00Z,23.8,47,1020.7,30,482.0,2.7,90,0.184,0.226,0.0
2018-07-10T15:00:00Z,23.9,46,1020.3,28,466.0,2.5,90,0.184,0.226,0.0
2018-07-10T16:00:00Z,23.6,47,1020.3,43,324.0,2.3,88,0.184,0.225,0.0
2018-07-10T17:00:00Z,22.9,49,1020.4,30,236.0,2.2,93,0.183,0.225,0.0
2018-07-10T18:00:00Z,22.0,54,1020.3,35,166.0,2.2,93,0.183,0.225,0.0
2018-07-10T19:00:00Z,21.0,59,1020.6,26,71.0,2.1,87,0.183,0.225,0.0
2018-07-10T20:00:00Z,19.7,61,1020.9,14,12.0,1.7,87,0.183,0.225,0.0
2018-07-10T21:00:00Z,17.7,68,1020.9,13,0.0,1.0,96,0.183,0.225,0.0
2018-07-10T22:00:00Z,15.1,82,1021.2,16,0.0,0.67,63,0.182,0.225,0.0
2018-07-10T23:00:00Z,14.2,87,1021.0,18,0.0,0.71,352,0.182,0.225,0.0
2018-07-11T00:00:00Z,12.9,92,1020.6,5,0.0,1.41,352,0.183,0.225,0.0
2018-07-11T01:00:00Z,12.0,95,1020.5,2,0.0,1.9,360,0.183,0.225,0.0
2018-07-11T02:00:00Z,11.8,96,1020.3,6,0.0,1.92,28,0.183,0.225,0.0
2018-07-11T03:00:00Z,13.1,95,1020.1,20,21.0,1.35,42,0.183,0.225,0.0
2018-07-11T04:00:00Z,14.8,90,1020.0,21,94.0,1.41,45,0.183,0.225,0.0
2018-07-11T05:00:00Z,17.2,79,1020.0,19,193.0,0.92,49,0.183,0.225,0.0
2018-07-11T06:00:00Z,19.1,67,1020.0,29,307.0,0.89,63,0.183,0.225,0.0
2018-07-11T07:00:00Z,20.4,61,1019.7,38,436.0,1.4,90,0.182,0.225,0.0
2018-07-11T08:00:00Z,21.2,57,1019.8,39,541.0,2.53,99,0.182,0.225,0.0
2018-07-11T09:00:00Z,21.4,56,1019.9,44,659.0,3.52,105,0.182,0.225,0.0
2018-07-11T10:00:00Z,20.6,58,1019.8,11,638.0,3.29,110,0.181,0.224,0.0
2018-07-11T11:00:00Z,20.7,56,1019.7,14,717.0,3.23,106,0.18,0.224,0.0
2018-07-11T12:00:00Z,20.8,55,1019.5,23,730.0,3.31,95,0.18,0.224,0.0
2018-07-11T13:00:00Z,20.9,53,1019.1,33,728.0,3.4,88,0.18,0.224,0.0
2018-07-11T14:00:00Z,20.7,55,1018.8,21,638.0,3.5,90,0.179,0.224,0.0
2018-07-11T15:00:00Z,20.4,56,1018.8,11,542.0,3.8,90,0.179,0.224,0.0
2018-07-11T16:00:00Z,20.0,58,1018.7,3,419.0,3.7,90,0.179,0.223,0.0
2018-07-11T17:00:00Z,19.3,59,1018.7,0,278.0,3.3,90,0.179,0.223,0.0
2018-07-11T18:00:00Z,18.5,63,1018.7,1,173.0,3.0,90,0.179,0.223,0.0
2018-07-11T19:00:00Z,17.3,70,1018.9,1,75.0,2.4,88,0.179,0.223,0.0
2018-07-11T20:00:00Z,15.9,78,1019.0,0,11.0,2.2,90,0.179,0.223,0.0
2018-07-11T21:00:00Z,14.9,84,1019.1,0,0.0,2.01,84,0.179,0.223,0.0
2018-07-11T22:00:00Z,13.5,89,1018.7,1,0.0,1.49,70,0.177,0.223,0.0
2018-07-11T23:00:00Z,12.9,92,1018.5,0,0.0,1.58,72,0.177,0.223,0.0
2018-07-12T00:00:00Z,12.4,94,1018.3,0,0.0,1.7,62,0.178,0.223,0.0
2018-07-12T01:00:00Z,12.0,95,1018.2,0,0.0,1.72,54,0.178,0.223,0.0
2018-07-12T02:00:00Z,12.0,95,1018.0,0,0.0,1.98,49,0.178,0.223,0.0
2018-07-12T03:00:00Z,12.6,95,1017.8,0,21.0,2.13,49,0.178,0.223,0.0
2018-07-12T04:00:00Z,14.3,90,1017.6,1,95.0,2.05,43,0.178,0.223,0.0
2018-07-12T05:00:00Z,16.5,82,1017.4,2,204.0,2.05,47,0.178,0.223,0.0
2018-07-12T06:00:00Z,18.0,75,1017.5,0,328.0,2.02,57,0.178,0.223,0.0
2018-07-12T07:00:00Z,19.4,70,1017.3,2,455.0,2.1,65,0.177,0.223,0.0
2018-07-12T08:00:00Z,20.6,65,1017.3,66,529.0,2.53,81,0.177,0.223,0.0
2018-07-12T09:00:00Z,21.4,61,1017.1,46,581.0,2.6,92,0.177,0.223,0.0
2018-07-12T10:00:00Z,21.8,58,1017.0,49,648.0,3.01,111,0.177,0.222,0.0
2018-07-12T11:00:00Z,21.9,59,1016.9,36,625.0,2.73,118,0.177,0.222,0.0
2018-07-12T12:00:00Z,22.4,58,1016.7,59,659.0,2.77,116,0.177,0.222,0.0
2018-07-12T13:00:00Z,22.8,57,1016.2,32,632.0,2.92,112,0.177,0.222,0.0
2018-07-12T14:00:00Z,22.5,56,1015.9,29,537.0,2.94,108,0.177,0.222,0.0
2018-07-12T15:00:00Z,22.7,56,1015.6,14,490.0,2.91,106,0.177,0.222,0.0
2018-07-12T16:00:00Z,21.9,59,1015.7,22,347.0,2.75,109,0.177,0.222,0.0
2018-07-12T17:00:00Z,21.2,62,1015.6,16,264.0,2.42,114,0.176,0.222,0.0
2018-07-12T18:00:00Z,20.3,65,1015.6,21,152.0,2.01,117,0.176,0.222,0.0
2018-07-12T19:00:00Z,19.1,71,1016.0,20,61.0,1.79,117,0.176,0.222,0.0
2018-07-12T20:00:00Z,17.2,80,1016.0,15,11.0,1.75,121,0.176,0.222,0.0
2018-07-12T21:00:00Z,15.7,86,1016.1,19,0.0,1.42,129,0.176,0.222,0.0
2018-07-12T22:00:00Z,14.4,90,1015.8,40,0.0,1.04,73,0.177,0.222,0.0
2018-07-12T23:00:00Z,14.0,92,1015.7,18,0.0,1.08,56,0.177,0.222,0.0
2018-07-13T00:00:00Z,13.4,94,1015.9,42,0.0,0.94,32,0.177,0.222,0.0
2018-07-13T01:00:00Z,12.8,96,1015.6,42,0.0,1.04,17,0.177,0.222,0.0
2018-07-13T02:00:00Z,11.8,98,1015.8,58,0.0,1.55,15,0.177,0.222,0.0
2018-07-13T03:00:00Z,12.8,98,1015.8,97,18.0,1.77,16,0.177,0.222,0.0
2018-07-13T04:00:00Z,14.7,90,1015.7,49,86.0,1.43,12,0.177,0.222,0.0
2018-07-13T05:00:00Z,17.6,77,1015.7,37,185.0,1.33,13,0.177,0.222,0.0
2018-07-13T06:00:00Z,20.0,63,1015.6,59,328.0,1.66,25,0.177,0.222,0.0
2018-07-13T07:00:00Z,21.2,57,1015.3,64,451.0,2.11,31,0.177,0.222,0.0
2018-07-13T08:00:00Z,22.3,53,1015.3,85,567.0,2.34,40,0.176,0.221,0.0
2018-07-13T09:00:00Z,23.5,49,1015.1,52,672.0,2.34,50,0.176,0.221,0.0
2018-07-13T10:00:00Z,24.2,46,1014.9,33,687.0,2.0,87,0.172,0.219,0.0
2018-07-13T11:00:00Z,24.8,44,1014.7,29,664.0,2.2,87,0.172,0.219,0.0
2018-07-13T12:00:00Z,24.8,44,1014.4,41,672.0,2.32,97,0.171,0.219,0.0
2018-07-13T13:00:00Z,25.0,44,1014.0,35,529.0,2.28,105,0.171,0.219,0.0
2018-07-13T14:00:00Z,24.6,45,1013.9,46,572.0,2.15,118,0.171,0.219,0.0
2018-07-13T15:00:00Z,24.2,46,1013.8,31,480.0,2.28,128,0.17,0.219,0.0
2018-07-13T16:00:00Z,23.7,48,1013.7,17,375.0,2.69,132,0.17,0.218,0.0
2018-07-13T17:00:00Z,22.8,51,1013.4,16,231.0,2.48,140,0.17,0.218,0.0
2018-07-13T18:00:00Z,22.1,52,1013.8,14,167.0,2.22,144,0.17,0.218,0.0
2018-07-13T19:00:00Z,20.5,60,1014.0,9,67.0,2.28,151,0.17,0.218,0.0
2018-07-13T20:00:00Z,17.9,72,1014.1,10,10.0,1.96,165,0.17,0.218,0.0
2018-07-13T21:00:00Z,16.5,79,1014.3,9,0.0,1.7,180,0.17,0.218,0.0
2018-07-13T22:00:00Z,15.1,86,1014.4,15,0.0,1.5,180,0.169,0.218,0.0
2018-07-13T23:00:00Z,14.4,88,1014.1,28,0.0,1.66,205,0.17,0.218,0.0
2018-07-14T00:00:00Z,14.3,87,1013.8,31,0.0,1.98,225,0.17,0.218,0.0
2018-07-14T01:00:00Z,13.8,87,1013.8,7,0.0,1.98,229,0.17,0.218,0.0
2018-07-14T02:00:00Z,13.6,87,1013.7,6,0.0,1.7,242,0.17,0.218,0.0
2018-07-14T03:00:00Z,14.3,85,1013.6,23,18.0,1.24,256,0.17,0.218,0.0
2018-07-14T04:00:00Z,16.6,82,1013.7,43,91.0,0.22,297,0.17,0.218,0.0
2018-07-14T05:00:00Z,19.4,71,1013.5,58,194.0,0.14,135,0.17,0.218,0.0
2018-07-14T06:00:00Z,21.5,58,1013.8,77,313.0,0.58,121,0.17,0.218,0.0
2018-07-14T07:00:00Z,23.0,51,1013.8,41,454.0,0.76,113,0.169,0.218,0.0
2018-07-14T08:00:00Z,24.1,48,1013.9,23,526.0,1.04,107,0.169,0.218,0.0
2018-07-14T09:00:00Z,25.1,44,1013.9,5,664.0,1.58,108,0.169,0.217,0.0
2018-07-14T10:00:00Z,25.6,39,1013.5,52,694.0,2.12,135,0.163,0.214,0.0
2018-07-14T11:00:00Z,26.0,37,1013.3,37,733.0,2.33,137,0.162,0.214,0.0
2018-07-14T12:00:00Z,26.3,38,1013.1,26,748.0,2.55,138,0.162,0.214,0.0
2018-07-14T13:00:00Z,26.4,35,1012.9,51,608.0,2.5,143,0.162,0.214,0.0
2018-07-14T14:00:00Z,26.3,35,1012.9,53,519.0,2.51,151,0.161,0.214,0.0
2018-07-14T15:00:00Z,26.4,33,1012.6,61,387.0,2.38,158,0.161,0.214,0.0
2018-07-14T16:00:00Z,26.0,36,1012.5,70,295.0,2.18,164,0.161,0.214,0.0
2018-07-14T17:00:00Z,25.6,39,1012.4,82,194.0,2.02,171,0.161,0.213,0.0
2018-07-14T18:00:00Z,24.3,44,1012.6,83,155.0,1.96,195,0.161,0.213,0.0
2018-07-14T19:00:00Z,22.8,52,1012.7,75,53.0,1.92,189,0.161,0.213,0.0
2018-07-14T20:00:00Z,20.3,62,1012.9,67,8.0,2.1,180,0.161,0.213,0.0
2018-07-14T21:00:00Z,18.9,69,1013.1,55,0.0,2.1,180,0.161,0.213,0.0
2018-07-14T22:00:00Z,16.8,81,1013.2,47,0.0,1.77,196,0.161,0.213,0.0
2018-07-14T23:00:00Z,15.8,84,1013.2,28,0.0,1.71,201,0.161,0.213,0.0
2018-07-15T00:00:00Z,15.2,86,1012.9,15,0.0,1.86,216,0.161,0.213,0.0
2018-07-15T01:00:00Z,14.8,89,1013.2,8,0.0,2.06,231,0.161,0.213,0.0
2018-07-15T02:00:00Z,14.1,90,1013.4,6,0.0,1.7,242,0.161,0.213,0.0
2018-07-15T03:00:00Z,15.4,89,1013.4,11,16.0,1.55,255,0.161,0.213,0.0
2018-07-15T04:00:00Z,18.1,83,1013.5,18,83.0,1.8,270,0.161,0.213,0.0
2018-07-15T05:00:00Z,20.1,75,1013.3,6,176.0,1.14,285,0.161,0.213,0.0
2018-07-15T06:00:00Z,22.4,63,1013.7,1,290.0,0.51,281,0.161,0.213,0.0
2018-07-15T07:00:00Z,24.0,57,1013.8,0,444.0,0.41,166,0.161,0.213,0.0
2018-07-15T08:00:00Z,25.4,51,1014.0,1,567.0,1.12,153,0.16,0.213,0.0
2018-07-15T09:00:00Z,26.7,44,1014.1,10,664.0,1.57,153,0.16,0.212,0.0
2018-07-15T10:00:00Z,27.6,43,1013.9,18,711.0,1.84,167,0.157,0.209,0.0
2018-07-15T11:00:00Z,27.9,40,1014.0,20,705.0,1.91,174,0.157,0.209,0.0
2018-07-15T12:00:00Z,27.7,40,1013.8,27,589.0,2.02,171,0.157,0.209,0.0
2018-07-15T13:00:00Z,28.1,38,1013.7,32,608.0,2.02,171,0.157,0.209,0.0
2018-07-15T14:00:00Z,28.1,38,1013.7,22,544.0,2.26,167,0.156,0.209,0.0
2018-07-15T15:00:00Z,27.7,39,1013.7,21,461.0,2.57,167,0.156,0.208,0.0
2018-07-15T16:00:00Z,27.5,40,1013.6,24,392.0,2.67,167,0.156,0.208,0.0
2018-07-15T17:00:00Z,26.9,42,1013.8,30,252.0,2.43,171,0.156,0.208,0.0
2018-07-15T18:00:00Z,26.1,45,1013.9,21,157.0,2.62,173,0.156,0.208,0.0
2018-07-15T19:00:00Z,24.5,51,1014.2,26,56.0,2.5,178,0.156,0.208,0.0
2018-07-15T20:00:00Z,21.9,60,1014.3,21,7.0,2.53,189,0.156,0.208,0.0
2018-07-15T21:00:00Z,20.0,64,1014.8,24,0.0,2.56,201,0.156,0.208,0.0
2018-07-15T22:00:00Z,18.5,66,1015.0,29,0.0,2.47,212,0.158,0.208,0.0
2018-07-15T23:00:00Z,17.9,68,1015.1,35,0.0,2.4,225,0.158,0.208,0.0
2018-07-16T00:00:00Z,17.1,71,1015.1,41,0.0,2.42,240,0.158,0.208,0.0
2018-07-16T01:00:00Z,16.6,73,1015.2,42,0.0,2.32,263,0.159,0.208,0.0
2018-07-16T02:00:00Z,16.7,76,1015.2,26,0.0,2.09,287,0.159,0.208,0.0
2018-07-16T03:00:00Z,16.8,77,1015.3,13,15.0,1.61,330,0.159,0.208,0.0
2018-07-16T04:00:00Z,18.7,72,1015.7,7,86.0,1.36,17,0.159,0.208,0.0
2018-07-16T05:00:00Z,21.3,64,1015.8,1,191.0,0.94,58,0.159,0.208,0.0
2018-07-16T06:00:00Z,23.2,54,1015.7,17,314.0,1.0,84,0.159,0.208,0.0
2018-07-16T07:00:00Z,25.0,49,1015.6,21,438.0,1.22,99,0.158,0.208,0.0
2018-07-16T08:00:00Z,26.8,42,1015.5,4,558.0,1.53,101,0.158,0.208,0.0
2018-07-16T09:00:00Z,28.2,36,1015.6,5,661.0,2.14,101,0.158,0.208,0.0
2018-07-16T10:00:00Z,28.3,37,1015.5,17,730.0,2.4,107,0.153,0.206,0.0
2018-07-16T11:00:00Z,28.5,35,1015.5,27,697.0,2.82,107,0.152,0.206,0.0
2018-07-16T12:00:00Z,28.5,35,1015.4,13,739.0,3.23,106,0.152,0.206,0.0
2018-07-16T13:00:00Z,28.3,36,1015.1,16,667.0,3.35,107,0.152,0.206,0.0
2018-07-16T14:00:00Z,28.1,37,1014.9,10,636.0,3.26,108,0.152,0.206,0.0
2018-07-16T15:00:00Z,28.2,39,1014.8,4,521.0,3.26,108,0.152,0.205,0.0
2018-07-16T16:00:00Z,27.6,42,1014.7,2,390.0,3.06,101,0.152,0.205,0.0
2018-07-16T17:00:00Z,26.7,45,1014.7,2,279.0,2.62,97,0.152,0.205,0.0
2018-07-16T18:00:00Z,25.6,49,1014.8,0,173.0,2.51,95,0.152,0.205,0.0
2018-07-16T19:00:00Z,24.0,55,1015.2,0,71.0,2.2,90,0.151,0.205,0.0
2018-07-16T20:00:00Z,21.5,66,1015.5,0,8.0,2.12,82,0.152,0.205,0.0
2018-07-16T21:00:00Z,19.3,74,1015.6,0,0.0,2.21,72,0.152,0.205,0.0
2018-07-16T22:00:00Z,17.7,79,1015.8,0,0.0,2.2,51,0.154,0.206,0.0
2018-07-16T23:00:00Z,17.2,81,1015.6,0,0.0,2.34,40,0.154,0.206,0.0
2018-07-17T00:00:00Z,16.3,85,1015.3,0,0.0,2.47,32,0.154,0.206,0.0
2018-07-17T01:00:00Z,16.1,86,1015.3,0,0.0,2.64,25,0.154,0.206,0.0
2018-07-17T02:00:00Z,16.1,87,1015.3,1,0.0,2.64,25,0.154,0.206,0.0
2018-07-17T03:00:00Z,16.7,85,1015.2,1,15.0,2.75,33,0.154,0.206,0.0
2018-07-17T04:00:00Z,19.1,78,1015.2,1,86.0,2.62,43,0.154,0.206,0.0
2018-07-17T05:00:00Z,21.4,68,1015.2,1,194.0,2.28,52,0.154,0.206,0.0
2018-07-17T06:00:00Z,23.6,59,1015.4,0,320.0,2.51,61,0.154,0.206,0.0
2018-07-17T07:00:00Z,25.5,51,1015.0,0,447.0,2.95,66,0.154,0.206,0.0
2018-07-17T08:00:00Z,27.2,43,1015.1,1,564.0,3.45,73,0.154,0.206,0.0
2018-07-17T09:00:00Z,27.9,42,1015.0,7,631.0,3.85,81,0.154,0.206,0.0
2018-07-17T10:00:00Z,28.7,41,1014.8,12,673.0,3.83,97,0.148,0.203,0.0
2018-07-17T11:00:00Z,29.0,40,1014.6,25,674.0,3.93,97,0.148,0.203,0.0
2018-07-17T12:00:00Z,28.7,41,1014.5,34,640.0,4.0,91,0.148,0.203,0.0
2018-07-17T13:00:00Z,29.0,39,1014.3,20,673.0,4.0,87,0.147,0.203,0.0
2018-07-17T14:00:00Z,28.6,41,1014.1,67,599.0,3.71,87,0.147,0.203,0.0
2018-07-17T15:00:00Z,28.3,42,1013.9,93,508.0,3.91,86,0.147,0.202,0.0
2018-07-17T16:00:00Z,27.7,43,1013.7,99,404.0,3.54,82,0.147,0.202,0.0
2018-07-17T17:00:00Z,26.5,47,1013.7,100,260.0,3.16,79,0.147,0.202,0.0
2018-07-17T18:00:00Z,25.6,51,1013.8,90,144.0,2.94,72,0.147,0.202,0.0
2018-07-17T19:00:00Z,24.3,56,1013.9,74,62.0,3.22,64,0.147,0.202,0.0
2018-07-17T20:00:00Z,22.3,63,1014.2,80,7.0,3.35,63,0.147,0.202,0.0
2018-07-17T21:00:00Z,20.5,70,1014.2,85,0.0,3.4,62,0.147,0.202,0.0
2018-07-17T22:00:00Z,19.6,72,1014.1,98,0.0,4.02,55,0.149,0.202,0.0
2018-07-17T23:00:00Z,18.9,75,1013.9,100,0.0,3.88,55,0.149,0.202,0.0
2018-07-18T00:00:00Z,18.7,76,1013.6,100,0.0,3.88,55,0.149,0.202,0.0
2018-07-18T01:00:00Z,18.5,77,1013.3,91,0.0,3.91,58,0.15,0.202,0.0
2018-07-18T02:00:00Z,19.0,78,1013.3,93,0.0,3.83,57,0.15,0.202,0.0
2018-07-18T03:00:00Z,19.5,79,1013.1,87,12.0,3.64,58,0.15,0.202,0.0
2018-07-18T04:00:00Z,21.2,77,1013.3,76,69.0,3.4,66,0.15,0.202,0.0
2018-07-18T05:00:00Z,22.8,72,1013.4,60,171.0,3.26,72,0.15,0.202,0.0
2018-07-18T06:00:00Z,24.2,67,1013.7,76,259.0,3.49,77,0.15,0.202,0.0
2018-07-18T07:00:00Z,25.7,61,1013.6,94,442.0,3.86,80,0.15,0.202,0.0
2018-07-18T08:00:00Z,26.7,56,1013.4,99,548.0,4.12,84,0.15,0.202,0.0
2018-07-18T09:00:00Z,27.6,53,1013.6,99,617.0,4.2,89,0.15,0.202,0.0
2018-07-18T10:00:00Z,27.7,50,1013.3,100,681.0,4.08,101,0.147,0.202,0.0
2018-07-18T11:00:00Z,28.0,48,1013.3,100,692.0,4.06,100,0.147,0.201,0.0
2018-07-18T12:00:00Z,27.9,48,1012.9,100,604.0,4.23,97,0.147,0.201,0.0
2018-07-18T13:00:00Z,27.6,51,1012.9,98,552.0,4.23,97,0.147,0.201,0.0
2018-07-18T14:00:00Z,27.1,53,1013.1,83,527.0,4.01,94,0.147,0.201,0.0
2018-07-18T15:00:00Z,26.5,54,1012.9,18,444.0,3.51,95,0.147,0.201,0.0
2018-07-18T16:00:00Z,26.0,56,1013.0,30,339.0,2.77,103,0.147,0.201,0.0
2018-07-18T17:00:00Z,25.0,61,1013.1,37,216.0,2.14,101,0.147,0.201,0.0
2018-07-18T18:00:00Z,24.3,65,1012.9,35,142.0,1.7,87,0.147,0.201,0.0
2018-07-18T19:00:00Z,22.7,70,1013.1,47,68.0,1.9,72,0.147,0.201,0.0
2018-07-18T20:00:00Z,20.6,79,1013.4,65,7.0,2.4,73,0.147,0.201,0.0
2018-07-18T21:00:00Z,18.8,86,1013.3,62,0.0,2.43,81,0.147,0.201,0.0
2018-07-18T22:00:00Z,17.2,91,1013.3,2,0.0,2.02,81,0.147,0.201,0.0
2018-07-18T23:00:00Z,16.5,92,1013.4,0,0.0,1.49,70,0.147,0.201,0.0
2018-07-19T00:00:00Z,16.0,93,1013.1,0,0.0,1.36,54,0.147,0.201,0.0
2018-07-19T01:00:00Z,16.1,92,1013.0,7,0.0,1.56,40,0.147,0.201,0.0
2018-07-19T02:00:00Z,16.2,91,1013.0,29,0.0,1.8,34,0.147,0.201,0.0
2018-07-19T03:00:00Z,17.3,89,1012.7,43,13.0,1.88,25,0.148,0.201,0.0
2018-07-19T04:00:00Z,19.6,82,1013.0,49,79.0,2.33,31,0.148,0.201,0.0
2018-07-19T05:00:00Z,21.6,73,1013.2,72,178.0,2.12,45,0.148,0.201,0.0
2018-07-19T06:00:00Z,23.0,67,1013.1,83,304.0,2.33,59,0.148,0.201,0.0
2018-07-19T07:00:00Z,24.5,61,1012.9,91,424.0,2.38,68,0.148,0.201,0.0
2018-07-19T08:00:00Z,25.4,55,1012.9,95,537.0,2.69,75,0.148,0.201,0.0
2018-07-19T09:00:00Z,25.9,51,1013.1,90,604.0,3.18,77,0.148,0.201,0.0
2018-07-19T10:00:00Z,26.1,53,1012.8,94,530.0,2.84,100,0.146,0.2,0.0
2018-07-19T11:00:00Z,26.6,51,1012.9,93,551.0,2.94,100,0.146,0.2,0.0
2018-07-19T12:00:00Z,26.8,47,1012.6,91,604.0,2.98,104,0.146,0.2,0.0
2018-07-19T13:00:00Z,26.7,46,1012.7,84,573.0,2.88,110,0.146,0.2,0.0
2018-07-19T14:00:00Z,26.4,47,1012.7,87,415.0,2.82,113,0.146,0.2,0.0
2018-07-19T15:00:00Z,25.9,47,1012.8,86,354.0,2.69,112,0.146,0.2,0.0
2018-07-19T16:00:00Z,25.7,47,1012.3,89,345.0,2.42,120,0.146,0.2,0.0
2018-07-19T17:00:00Z,25.0,49,1012.5,87,230.0,1.98,131,0.146,0.2,0.0
2018-07-19T18:00:00Z,24.0,53,1012.3,75,147.0,1.35,138,0.146,0.2,0.0
2018-07-19T19:00:00Z,22.2,67,1012.5,53,51.0,1.0,143,0.146,0.2,0.0
2018-07-19T20:00:00Z,21.2,65,1012.5,42,6.0,0.85,135,0.146,0.2,0.0
2018-07-19T21:00:00Z,20.0,69,1012.5,28,0.0,0.85,111,0.146,0.2,0.0
2018-07-19T22:00:00Z,18.6,85,1012.3,23,0.0,1.13,135,0.147,0.201,0.0
2018-07-19T23:00:00Z,17.8,88,1012.3,32,0.0,0.72,124,0.147,0.201,0.0
2018-07-20T00:00:00Z,17.1,91,1012.0,32,0.0,0.63,162,0.147,0.201,0.0
2018-07-20T01:00:00Z,16.8,92,1011.7,28,0.0,0.85,249,0.147,0.201,0.0
2018-07-20T02:00:00Z,16.6,94,1011.5,32,0.0,1.2,270,0.147,0.201,0.0
2018-07-20T03:00:00Z,15.9,96,1011.5,30,10.0,0.89,297,0.147,0.201,0.0
2018-07-20T04:00:00Z,18.1,88,1011.1,32,69.0,0.5,323,0.147,0.201,0.0
2018-07-20T05:00:00Z,20.7,74,1011.0,31,157.0,0.5,323,0.147,0.201,0.0
2018-07-20T06:00:00Z,22.9,59,1010.8,41,247.0,0.28,315,0.147,0.201,0.0
2018-07-20T07:00:00Z,24.8,49,1010.5,16,430.0,0.45,297,0.147,0.201,0.0
2018-07-20T08:00:00Z,25.8,45,1010.4,24,516.0,0.67,297,0.147,0.201,0.0
2018-07-20T09:00:00Z,26.9,41,1009.9,60,574.0,0.67,333,0.147,0.201,0.0
2018-07-20T10:00:00Z,27.7,34,1009.5,24,519.0,0.14,225,0.146,0.2,0.0
2018-07-20T11:00:00Z,28.1,34,1009.1,31,456.0,0.14,315,0.146,0.2,0.0
2018-07-20T12:00:00Z,28.4,33,1008.8,65,539.0,0.45,63,0.146,0.2,0.0
2018-07-20T13:00:00Z,28.3,31,1008.6,92,498.0,0.91,84,0.146,0.2,0.0
2018-07-20T14:00:00Z,28.0,33,1008.3,90,446.0,1.41,98,0.146,0.2,0.0
2018-07-20T15:00:00Z,27.8,36,1008.0,78,407.0,2.5,106,0.146,0.199,0.0
2018-07-20T16:00:00Z,27.3,40,1008.0,76,283.0,2.77,103,0.146,0.199,0.0
2018-07-20T17:00:00Z,26.9,46,1008.1,84,204.0,2.67,103,0.146,0.199,0.0
2018-07-20T18:00:00Z,26.1,52,1007.9,90,69.0,2.35,102,0.146,0.199,0.0
2018-07-20T19:00:00Z,24.1,65,1008.0,95,37.0,2.14,101,0.146,0.199,0.0
2018-07-20T20:00:00Z,22.3,71,1007.9,98,4.0,2.01,84,0.146,0.199,0.0
2018-07-20T21:00:00Z,20.5,81,1007.7,97,0.0,2.33,80,0.146,0.199,0.0
2018-07-20T22:00:00Z,19.6,86,1007.6,98,0.0,2.79,69,0.149,0.2,0.0
2018-07-20T23:00:00Z,19.0,91,1007.5,97,0.0,2.51,61,0.149,0.2,0.0
2018-07-21T00:00:00Z,18.8,93,1007.4,99,0.0,2.58,54,0.149,0.2,0.0
2018-07-21T01:00:00Z,18.7,93,1007.3,100,0.0,2.3,56,0.149,0.2,0.0
2018-07-21T02:00:00Z,18.6,95,1007.5,99,0.0,1.63,43,0.149,0.2,0.0
2018-07-21T03:00:00Z,18.7,96,1007.4,99,6.0,1.6,360,0.149,0.2,0.0
2018-07-21T04:00:00Z,19.2,95,1007.4,100,39.0,1.8,341,0.149,0.2,0.0
2018-07-21T05:00:00Z,19.7,92,1007.3,99,107.0,2.1,335,0.149,0.2,0.0
2018-07-21T06:00:00Z,20.5,83,1007.4,100,198.0,2.09,343,0.149,0.2,0.0
2018-07-21T07:00:00Z,21.5,75,1007.2,100,232.0,1.79,333,0.149,0.2,0.0
2018-07-21T08:00:00Z,22.9,69,1007.5,94,424.0,1.84,338,0.149,0.2,0.0
2018-07-21T09:00:00Z,24.0,62,1006.9,86,601.0,1.68,343,0.149,0.2,0.0
2018-07-21T10:00:00Z,25.1,57,1007.3,27,641.0,0.42,135,0.151,0.2,0.0
2018-07-21T11:00:00Z,26.1,53,1006.8,68,643.0,0.86,216,0.152,0.2,0.0
2018-07-21T12:00:00Z,26.7,48,1006.8,56,628.0,1.24,194,0.152,0.199,0.0
2018-07-21T13:00:00Z,26.0,52,1006.5,81,568.0,2.3,180,0.152,0.199,0.1
2018-07-21T14:00:00Z,24.3,62,1007.0,89,416.0,2.4,180,0.165,0.199,1.0
2018-07-21T15:00:00Z,25.3,61,1006.9,74,361.0,1.3,157,0.173,0.199,1.2
2018-07-21T16:00:00Z,25.9,57,1006.1,39,306.0,2.06,166,0.173,0.199,0.0
2018-07-21T17:00:00Z,25.4,59,1005.7,10,208.0,2.5,178,0.173,0.199,0.0
2018-07-21T18:00:00Z,24.4,61,1005.7,1,147.0,2.32,187,0.173,0.199,0.0
2018-07-21T19:00:00Z,23.1,65,1005.8,1,60.0,2.47,201,0.173,0.199,0.0
2018-07-21T20:00:00Z,21.3,60,1006.3,1,5.0,2.76,226,0.173,0.199,0.0
2018-07-21T21:00:00Z,20.5,55,1006.5,0,0.0,3.64,254,0.173,0.199,0.0
2018-07-21T22:00:00Z,19.5,55,1007.1,0,0.0,4.13,277,0.177,0.199,0.0
2018-07-21T23:00:00Z,18.5,58,1007.0,0,0.0,3.8,272,0.177,0.199,0.0
2018-07-22T00:00:00Z,17.4,65,1007.3,0,0.0,3.52,263,0.177,0.199,0.0
2018-07-22T01:00:00Z,16.3,72,1007.5,4,0.0,3.45,260,0.177,0.199,0.0
2018-07-22T02:00:00Z,15.5,77,1007.7,18,0.0,3.42,255,0.177,0.199,0.0
2018-07-22T03:00:00Z,15.4,80,1007.5,49,10.0,3.57,252,0.177,0.199,0.0
2018-07-22T04:00:00Z,16.5,80,1007.5,81,74.0,3.79,252,0.177,0.199,0.0
2018-07-22T05:00:00Z,17.7,77,1007.6,94,172.0,4.3,258,0.177,0.199,0.0
2018-07-22T06:00:00Z,18.8,72,1007.9,97,294.0,3.69,257,0.177,0.199,0.0
2018-07-22T07:00:00Z,20.0,67,1007.8,99,377.0,3.14,248,0.177,0.199,0.0
2018-07-22T08:00:00Z,20.9,62,1007.9,97,507.0,3.14,233,0.176,0.199,0.0
2018-07-22T09:00:00Z,22.1,57,1007.8,99,545.0,4.1,225,0.176,0.199,0.0
2018-07-22T10:00:00Z,23.8,49,1007.8,98,537.0,3.72,234,0.176,0.199,0.0
2018-07-22T11:00:00Z,24.7,45,1007.9,97,582.0,4.05,237,0.176,0.199,0.0
2018-07-22T12:00:00Z,25.6,43,1007.8,98,578.0,4.39,240,0.175,0.199,0.0
2018-07-22T13:00:00Z,26.0,42,1007.7,99,601.0,4.63,237,0.175,0.199,0.0
2018-07-22T14:00:00Z,25.9,42,1007.7,89,549.0,4.69,236,0.174,0.199,0.0
2018-07-22T15:00:00Z,25.9,42,1007.9,89,421.0,4.52,235,0.174,0.199,0.0
2018-07-22T16:00:00Z,25.6,42,1007.7,74,366.0,4.02,235,0.174,0.199,0.0
2018-07-22T17:00:00Z,24.9,44,1007.8,43,249.0,2.91,229,0.173,0.199,0.0
2018-07-22T18:00:00Z,23.9,48,1008.0,4,145.0,1.77,223,0.173,0.199,0.0
2018-07-22T19:00:00Z,22.1,58,1008.4,10,56.0,1.2,228,0.173,0.199,0.0
2018-07-22T20:00:00Z,19.6,66,1008.9,8,4.0,1.3,266,0.173,0.199,0.0
2018-07-22T21:00:00Z,18.8,67,1009.5,5,0.0,1.92,298,0.173,0.199,0.0
2018-07-22T22:00:00Z,17.5,73,1009.8,7,0.0,2.24,280,0.18,0.199,0.0
2018-07-22T23:00:00Z,16.8,76,1009.8,6,0.0,2.65,281,0.18,0.199,0.0
2018-07-23T00:00:00Z,15.8,79,1010.0,1,0.0,2.31,275,0.18,0.199,0.0
2018-07-23T01:00:00Z,15.1,83,1010.0,0,0.0,2.0,267,0.18,0.199,0.0
2018-07-23T02:00:00Z,14.8,86,1010.0,1,0.0,1.99,252,0.18,0.199,0.0
2018-07-23T03:00:00Z,15.0,87,1010.4,0,8.0,2.51,247,0.18,0.199,0.0
2018-07-23T04:00:00Z,16.7,83,1010.6,3,73.0,2.46,243,0.18,0.199,0.0
2018-07-23T05:00:00Z,19.0,72,1010.8,4,180.0,2.47,249,0.18,0.199,0.0
2018-07-23T06:00:00Z,20.1,65,1010.9,2,303.0,2.25,238,0.179,0.199,0.0
2018-07-23T07:00:00Z,21.1,60,1010.7,8,430.0,2.36,216,0.179,0.199,0.0
2018-07-23T08:00:00Z,22.1,54,1010.9,21,502.0,2.95,208,0.179,0.199,0.0
2018-07-23T09:00:00Z,22.8,52,1010.8,73,545.0,3.26,207,0.179,0.199,0.0
2018-07-23T10:00:00Z,23.6,49,1010.8,26,548.0,3.74,196,0.177,0.198,0.0
2018-07-23T11:00:00Z,24.6,47,1010.7,43,540.0,3.35,207,0.177,0.198,0.0
2018-07-23T12:00:00Z,25.0,45,1010.4,43,500.0,2.88,214,0.176,0.198,0.0
2018-07-23T13:00:00Z,25.8,44,1010.4,67,428.0,2.5,217,0.176,0.198,0.0
2018-07-23T14:00:00Z,25.8,45,1010.2,79,367.0,2.37,208,0.175,0.198,0.0
2018-07-23T15:00:00Z,26.0,45,1010.5,89,312.0,2.31,198,0.175,0.198,0.0
2018-07-23T16:00:00Z,25.6,47,1010.6,82,220.0,2.57,193,0.175,0.198,0.0
2018-07-23T17:00:00Z,25.1,50,1010.8,91,136.0,2.93,188,0.175,0.198,0.0
2018-07-23T18:00:00Z,24.5,54,1011.1,91,70.0,3.4,182,0.175,0.198,0.0
2018-07-23T19:00:00Z,23.6,59,1011.1,43,42.0,3.71,185,0.175,0.198,0.0
2018-07-23T20:00:00Z,22.2,67,1011.6,9,3.0,3.44,188,0.174,0.198,0.0
2018-07-23T21:00:00Z,21.4,72,1011.8,26,0.0,3.26,191,0.174,0.198,0.0
2018-07-23T22:00:00Z,19.4,84,1011.8,20,0.0,3.41,185,0.176,0.198,0.0
2018-07-23T23:00:00Z,18.8,87,1011.9,21,0.0,3.34,189,0.176,0.198,0.0
2018-07-24T00:00:00Z,18.1,91,1011.7,21,0.0,3.16,198,0.176,0.198,0.0
2018-07-24T01:00:00Z,17.7,92,1011.8,28,0.0,2.92,211,0.176,0.198,0.0
2018-07-24T02:00:00Z,17.5,92,1011.9,23,0.0,2.69,228,0.176,0.198,0.0
2018-07-24T03:00:00Z,17.8,90,1012.0,21,6.0,2.56,239,0.176,0.198,0.0
2018-07-24T04:00:00Z,19.0,85,1012.2,20,60.0,2.19,246,0.176,0.198,0.0
2018-07-24T05:00:00Z,21.1,74,1012.6,34,143.0,1.68,253,0.176,0.198,0.0
2018-07-24T06:00:00Z,22.4,67,1012.7,24,208.0,1.12,243,0.175,0.198,0.0
2018-07-24T07:00:00Z,24.1,59,1012.7,26,307.0,1.04,197,0.175,0.198,0.0
2018-07-24T08:00:00Z,25.9,52,1012.8,17,519.0,1.7,183,0.175,0.198,0.0
2018-07-24T09:00:00Z,26.8,46,1012.8,46,602.0,2.12,188,0.175,0.198,0.0
2018-07-24T10:00:00Z,27.2,44,1012.9,30,646.0,2.3,182,0.173,0.197,0.0
2018-07-24T11:00:00Z,27.3,43,1013.0,19,578.0,2.61,176,0.173,0.197,0.0
2018-07-24T12:00:00Z,27.4,45,1012.8,15,489.0,2.89,166,0.172,0.197,0.0
2018-07-24T13:00:00Z,27.2,48,1012.8,18,488.0,3.51,160,0.172,0.197,0.0
2018-07-24T14:00:00Z,27.1,49,1012.8,16,441.0,3.92,161,0.172,0.197,0.0
2018-07-24T15:00:00Z,27.1,50,1013.0,12,402.0,3.92,161,0.171,0.197,0.0
2018-07-24T16:00:00Z,26.7,53,1012.9,3,332.0,3.99,158,0.171,0.197,0.0
2018-07-24T17:00:00Z,25.7,60,1013.1,2,230.0,3.77,158,0.171,0.197,0.0
2018-07-24T18:00:00Z,24.7,65,1013.2,3,136.0,3.42,159,0.171,0.197,0.0
2018-07-24T19:00:00Z,23.4,70,1013.6,2,53.0,3.32,164,0.171,0.197,0.0
2018-07-24T20:00:00Z,21.6,79,1014.0,3,3.0,3.28,168,0.171,0.197,0.0
2018-07-24T21:00:00Z,20.7,84,1014.5,3,0.0,3.14,171,0.171,0.197,0.0
2018-07-24T22:00:00Z,19.2,88,1014.7,1,0.0,3.13,163,0.17,0.197,0.0
2018-07-24T23:00:00Z,18.6,90,1015.0,6,0.0,2.94,162,0.17,0.197,0.0
2018-07-25T00:00:00Z,18.0,92,1014.9,5,0.0,2.91,164,0.17,0.197,0.0
2018-07-25T01:00:00Z,17.9,94,1014.9,6,0.0,2.91,164,0.17,0.197,0.0
2018-07-25T02:00:00Z,17.8,94,1015.0,7,0.0,2.82,163,0.17,0.197,0.0
2018-07-25T03:00:00Z,18.3,94,1015.0,6,7.0,2.69,165,0.17,0.197,0.0
2018-07-25T04:00:00Z,19.5,90,1015.3,3,65.0,2.63,171,0.17,0.197,0.0
2018-07-25T05:00:00Z,21.7,81,1015.3,0,171.0,2.11,175,0.17,0.197,0.0
2018-07-25T06:00:00Z,23.5,69,1015.5,0,296.0,2.2,180,0.17,0.197,0.0
2018-07-25T07:00:00Z,25.1,59,1015.5,0,423.0,2.4,178,0.17,0.197,0.0
2018-07-25T08:00:00Z,26.5,53,1015.7,0,540.0,2.6,178,0.169,0.197,0.0
2018-07-25T09:00:00Z,27.3,49,1015.8,3,637.0,2.84,170,0.169,0.197,0.0
2018-07-25T10:00:00Z,27.6,46,1015.6,4,677.0,2.89,166,0.167,0.196,0.0
2018-07-25T11:00:00Z,27.6,46,1015.7,14,683.0,3.2,166,0.167,0.195,0.0
2018-07-25T12:00:00Z,27.9,45,1015.5,9,701.0,3.49,167,0.166,0.195,0.0
2018-07-25T13:00:00Z,27.8,45,1015.1,8,638.0,3.86,163,0.166,0.195,0.0
2018-07-25T14:00:00Z,27.8,46,1015.1,3,596.0,4.05,164,0.165,0.195,0.0
2018-07-25T15:00:00Z,27.5,48,1015.1,8,481.0,3.96,164,0.165,0.195,0.0
2018-07-25T16:00:00Z,26.9,51,1014.9,8,369.0,3.96,164,0.165,0.195,0.0
2018-07-25T17:00:00Z,25.7,56,1015.0,23,258.0,3.74,164,0.165,0.195,0.0
2018-07-25T18:00:00Z,24.7,61,1015.2,23,140.0,3.4,166,0.165,0.195,0.0
2018-07-25T19:00:00Z,23.4,67,1015.5,17,48.0,3.35,170,0.165,0.195,0.0
2018-07-25T20:00:00Z,21.8,74,1015.8,20,2.0,3.21,175,0.165,0.195,0.0
2018-07-25T21:00:00Z,21.0,79,1016.0,29,0.0,3.1,180,0.165,0.195,0.0
2018-07-25T22:00:00Z,19.9,85,1016.5,39,0.0,3.4,182,0.165,0.195,0.0
2018-07-25T23:00:00Z,19.4,88,1016.7,30,0.0,3.44,188,0.165,0.195,0.0
2018-07-26T00:00:00Z,19.3,91,1016.7,19,0.0,3.2,194,0.165,0.195,0.0
2018-07-26T01:00:00Z,19.2,93,1016.8,24,0.0,2.97,200,0.165,0.195,0.0
2018-07-26T02:00:00Z,18.9,94,1016.7,22,0.0,2.69,202,0.165,0.195,0.0
2018-07-26T03:00:00Z,19.0,95,1016.8,21,5.0,2.44,199,0.166,0.195,0.0
2018-07-26T04:00:00Z,20.3,89,1016.9,12,63.0,2.24,190,0.166,0.195,0.0
2018-07-26T05:00:00Z,22.4,78,1017.3,3,165.0,1.82,189,0.165,0.195,0.0
2018-07-26T06:00:00Z,23.7,70,1017.8,11,265.0,1.92,189,0.165,0.195,0.0
2018-07-26T07:00:00Z,25.1,61,1018.0,3,395.0,2.2,183,0.165,0.195,0.0
2018-07-26T08:00:00Z,26.3,54,1018.2,10,496.0,2.7,180,0.165,0.195,0.0
2018-07-26T09:00:00Z,27.0,51,1018.5,13,614.0,3.0,180,0.165,0.195,0.0
2018-07-26T10:00:00Z,28.2,46,1018.6,44,672.0,3.61,177,0.16,0.193,0.0
2018-07-26T11:00:00Z,28.1,46,1018.9,46,526.0,3.4,178,0.16,0.193,0.0
2018-07-26T12:00:00Z,28.8,44,1018.8,30,627.0,3.21,175,0.16,0.193,0.0
2018-07-26T13:00:00Z,28.8,43,1018.8,25,532.0,3.03,172,0.159,0.193,0.0
2018-07-26T14:00:00Z,28.9,42,1018.9,21,442.0,2.84,170,0.159,0.193,0.0
2018-07-26T15:00:00Z,28.8,43,1019.0,21,420.0,2.89,166,0.159,0.193,0.0
2018-07-26T16:00:00Z,28.3,46,1019.2,24,314.0,2.79,165,0.159,0.193,0.0
2018-07-26T17:00:00Z,27.5,50,1019.3,21,225.0,2.66,160,0.158,0.193,0.0
2018-07-26T18:00:00Z,26.2,56,1019.8,11,128.0,2.69,158,0.158,0.193,0.0
2018-07-26T19:00:00Z,24.3,67,1020.3,17,41.0,2.6,157,0.158,0.193,0.0
2018-07-26T20:00:00Z,22.7,76,1021.1,21,2.0,2.53,162,0.158,0.193,0.0
2018-07-26T21:00:00Z,21.6,83,1021.4,16,0.0,2.31,162,0.158,0.193,0.0
2018-07-26T22:00:00Z,19.7,89,1022.0,18,0.0,1.93,159,0.159,0.193,0.0
2018-07-26T23:00:00Z,19.3,92,1022.2,21,0.0,1.57,153,0.159,0.193,0.0
2018-07-27T00:00:00Z,18.6,95,1022.6,22,0.0,1.0,143,0.159,0.193,0.0
2018-07-27T01:00:00Z,17.9,95,1022.7,8,0.0,1.27,135,0.159,0.193,0.0
2018-07-27T02:00:00Z,18.9,93,1022.8,24,0.0,0.73,74,0.159,0.193,0.0
2018-07-27T03:00:00Z,19.4,92,1023.1,34,5.0,1.03,61,0.159,0.193,0.0
2018-07-27T04:00:00Z,19.3,95,1023.3,88,59.0,1.08,56,0.159,0.193,0.0
2018-07-27T05:00:00Z,21.0,87,1023.4,21,158.0,1.06,41,0.159,0.193,0.0
2018-07-27T06:00:00Z,23.0,72,1023.7,18,288.0,1.5,37,0.159,0.193,0.0
2018-07-27T07:00:00Z,24.6,62,1023.6,8,379.0,1.92,39,0.158,0.193,0.0
2018-07-27T08:00:00Z,26.2,55,1023.8,8,488.0,2.12,45,0.158,0.193,0.0
2018-07-27T09:00:00Z,27.6,50,1023.9,6,615.0,2.36,54,0.158,0.193,0.0
2018-07-27T10:00:00Z,28.2,50,1023.6,6,667.0,2.3,56,0.157,0.193,0.0
2018-07-27T11:00:00Z,28.6,49,1023.4,2,637.0,2.86,65,0.157,0.193,0.0
2018-07-27T12:00:00Z,29.2,48,1023.2,2,685.0,3.42,69,0.157,0.193,0.0
2018-07-27T13:00:00Z,29.0,51,1022.8,6,550.0,3.67,73,0.157,0.193,0.0
2018-07-27T14:00:00Z,28.7,53,1022.5,13,545.0,3.96,69,0.157,0.193,0.0
2018-07-27T15:00:00Z,27.7,54,1022.5,20,409.0,3.81,67,0.157,0.193,0.0
2018-07-27T16:00:00Z,27.4,57,1022.1,19,322.0,4.16,63,0.157,0.192,0.0
2018-07-27T17:00:00Z,26.6,59,1022.1,11,236.0,4.16,63,0.157,0.192,0.0
2018-07-27T18:00:00Z,25.1,65,1022.2,2,120.0,3.85,62,0.157,0.192,0.0
2018-07-27T19:00:00Z,23.7,72,1022.3,4,44.0,3.66,55,0.157,0.192,0.0
2018-07-27T20:00:00Z,22.4,78,1022.3,16,1.0,3.61,46,0.157,0.192,0.0
2018-07-27T21:00:00Z,21.8,82,1022.0,29,0.0,3.54,43,0.157,0.192,0.0
2018-07-27T22:00:00Z,21.0,87,1022.1,8,0.0,3.61,42,0.158,0.193,0.0
2018-07-27T23:00:00Z,20.6,89,1021.7,12,0.0,3.3,35,0.158,0.193,0.0
2018-07-28T00:00:00Z,20.4,90,1021.2,18,0.0,3.38,34,0.158,0.193,0.0
2018-07-28T01:00:00Z,20.4,90,1020.7,26,0.0,3.34,39,0.158,0.193,0.0
2018-07-28T02:00:00Z,20.6,88,1020.1,25,0.0,3.47,44,0.158,0.193,0.0
2018-07-28T03:00:00Z,20.9,87,1019.8,70,3.0,3.7,52,0.158,0.193,0.0
2018-07-28T04:00:00Z,21.3,85,1019.3,95,43.0,3.36,60,0.158,0.193,0.0
2018-07-28T05:00:00Z,21.6,83,1019.1,84,114.0,3.68,68,0.158,0.193,0.2
2018-07-28T06:00:00Z,22.4,81,1018.8,82,238.0,4.2,78,0.16,0.193,0.3
2018-07-28T07:00:00Z,23.5,78,1018.3,83,337.0,4.9,89,0.161,0.193,0.0
2018-07-28T08:00:00Z,24.8,72,1018.3,73,454.0,5.2,92,0.162,0.193,0.0
2018-07-28T09:00:00Z,25.7,70,1018.1,71,500.0,5.51,94,0.163,0.193,0.0
2018-07-28T10:00:00Z,26.3,67,1017.5,94,609.0,5.0,90,0.169,0.194,1.2
2018-07-28T11:00:00Z,24.7,80,1017.1,86,568.0,4.9,89,0.182,0.194,1.7
2018-07-28T12:00:00Z,24.9,81,1016.7,73,511.0,5.53,96,0.192,0.194,0.9
2018-07-28T13:00:00Z,25.2,79,1016.2,72,524.0,5.76,98,0.208,0.194,1.0
2018-07-28T14:00:00Z,25.9,75,1015.7,63,457.0,5.12,94,0.217,0.194,1.2
2018-07-28T15:00:00Z,26.4,70,1015.5,64,392.0,4.71,86,0.218,0.195,0.0
2018-07-28T16:00:00Z,26.3,69,1014.9,43,337.0,5.12,86,0.216,0.195,0.0
2018-07-28T17:00:00Z,25.8,70,1014.7,42,232.0,4.81,86,0.215,0.195,0.0
2018-07-28T18:00:00Z,24.9,74,1014.4,72,122.0,5.1,91,0.214,0.196,0.0
2018-07-28T19:00:00Z,24.1,76,1014.3,73,38.0,4.72,95,0.213,0.196,0.0
2018-07-28T20:00:00Z,23.1,79,1014.4,29,1.0,4.42,95,0.212,0.196,0.0
2018-07-28T21:00:00Z,22.5,84,1014.5,43,0.0,4.57,100,0.211,0.197,0.0
2018-07-28T22:00:00Z,22.0,88,1013.8,53,0.0,4.83,103,0.212,0.197,0.0
2018-07-28T23:00:00Z,22.1,89,1013.4,47,0.0,4.49,111,0.211,0.197,0.0
2018-07-29T00:00:00Z,22.0,90,1013.3,77,0.0,4.88,125,0.211,0.197,0.0
2018-07-29T01:00:00Z,21.6,91,1013.3,85,0.0,3.96,137,0.252,0.197,3.9
2018-07-29T02:00:00Z,21.6,93,1012.8,87,0.0,3.39,135,0.255,0.198,1.2
2018-07-29T03:00:00Z,21.8,93,1012.6,89,2.0,3.79,108,0.253,0.199,0.0
2018-07-29T04:00:00Z,21.8,91,1012.9,94,27.0,4.43,115,0.266,0.2,0.5
2018-07-29T05:00:00Z,21.7,93,1013.1,96,64.0,4.46,138,0.292,0.2,2.2
2018-07-29T06:00:00Z,20.9,97,1013.3,99,57.0,4.33,140,0.299,0.201,1.4
2018-07-29T07:00:00Z,21.4,95,1013.2,86,199.0,4.42,142,0.3,0.201,0.3
2018-07-29T08:00:00Z,23.0,85,1013.7,90,344.0,4.36,148,0.3,0.202,0.0
2018-07-29T09:00:00Z,24.4,81,1014.2,49,501.0,4.52,145,0.3,0.202,0.9
2018-07-29T10:00:00Z,25.6,80,1013.8,92,548.0,4.6,136,0.31,0.204,0.9
2018-07-29T11:00:00Z,26.0,77,1014.2,92,636.0,4.47,140,0.313,0.207,0.9
2018-07-29T12:00:00Z,23.7,83,1014.2,93,643.0,4.6,138,0.34,0.212,3.7
2018-07-29T13:00:00Z,22.2,86,1014.6,99,365.0,4.6,132,0.375,0.215,2.5
2018-07-29T14:00:00Z,21.5,92,1015.0,99,173.0,4.47,130,0.37,0.217,0.0
2018-07-29T15:00:00Z,22.3,89,1015.2,96,268.0,3.75,132,0.365,0.218,0.0
2018-07-29T16:00:00Z,23.7,82,1015.3,96,325.0,2.7,141,0.361,0.219,0.0
2018-07-29T17:00:00Z,23.7,81,1015.4,82,201.0,2.5,127,0.357,0.221,0.0
2018-07-29T18:00:00Z,23.5,84,1015.5,62,98.0,2.75,123,0.357,0.222,0.0
2018-07-29T19:00:00Z,22.7,88,1015.9,57,32.0,2.6,113,0.371,0.223,0.0
2018-07-29T20:00:00Z,21.8,93,1016.0,54,1.0,2.79,111,0.38,0.225,0.0
2018-07-29T21:00:00Z,21.5,95,1016.5,57,0.0,2.82,117,0.376,0.227,0.0
2018-07-29T22:00:00Z,20.7,98,1016.6,93,0.0,2.82,113,0.347,0.226,0.0
2018-07-29T23:00:00Z,20.7,97,1016.6,87,0.0,2.36,144,0.345,0.227,0.0
