time,temperature_2m,relative_humidity_2m,pressure_msl,cloud_cover,shortwave_radiation,wind_speed_10m,wind_direction_10m,soil_moisture_0_to_7cm,precipitation
2022-08-10T00:00,31.1,55,1002.2,4,158.0,1.52,113,0.128,0.0
2022-08-10T01:00,31.6,54,1002.1,32,357.0,2.28,128,0.128,0.0
2022-08-10T02:00,36.6,38,1002.3,74,555.0,2.97,144,0.128,0.0
2022-08-10T03:00,36.8,38,1002.7,86,714.0,3.09,151,0.128,0.0
2022-08-10T04:00,37.0,38,1002.2,98,834.0,2.89,152,0.128,0.0
2022-08-10T05:00,39.8,30,1001.5,96,918.0,2.55,152,0.128,0.0
2022-08-10T06:00,40.1,30,1000.6,97,905.0,2.35,142,0.128,0.0
2022-08-10T07:00,40.1,30,999.9,95,829.0,2.48,130,0.128,0.0
2022-08-10T08:00,40.9,27,999.2,96,697.0,2.46,119,0.128,0.0
2022-08-10T09:00,41.1,27,998.7,97,524.0,2.41,103,0.128,0.0
2022-08-10T10:00,37.8,36,998.4,94,341.0,2.16,86,0.125,0.0
2022-08-10T11:00,37.4,36,998.1,99,144.0,1.84,68,0.125,0.0
2022-08-10T12:00,37.1,35,998.5,98,16.0,2.15,65,0.125,0.0
2022-08-10T13:00,37.3,34,999.1,95,0.0,2.12,75,0.125,0.0
2022-08-10T14:00,36.0,37,1000.2,92,0.0,2.16,83,0.125,0.0
2022-08-10T15:00,33.4,46,1000.9,95,0.0,2.16,95,0.125,0.0
2022-08-10T16:00,33.1,47,1001.3,81,0.0,2.29,110,0.125,0.0
2022-08-10T17:00,32.0,51,1001.5,78,0.0,2.48,115,0.125,0.0
2022-08-10T18:00,31.6,52,1001.3,80,0.0,2.37,118,0.125,0.0
2022-08-10T19:00,31.7,51,1001.1,88,0.0,2.16,124,0.125,0.0
2022-08-10T20:00,30.6,55,1001.2,93,0.0,1.95,132,0.125,0.0
2022-08-10T21:00,30.9,52,1001.4,89,0.0,2.16,140,0.125,0.0
2022-08-10T22:00,32.3,48,1001.3,49,0.0,2.2,129,0.125,0.0
2022-08-10T23:00,32.1,51,1002.4,59,16.0,1.16,115,0.125,0.0
2022-08-11T00:00,32.3,52,1002.7,59,150.0,1.46,112,0.125,0.0
2022-08-11T01:00,32.2,53,1002.9,73,351.0,2.34,140,0.125,0.0
2022-08-11T02:00,36.8,41,1003.1,65,547.0,3.02,151,0.125,0.0
2022-08-11T03:00,36.9,41,1003.0,87,719.0,3.24,155,0.125,0.0
2022-08-11T04:00,37.2,40,1002.7,98,847.0,3.02,153,0.125,0.0
2022-08-11T05:00,39.6,33,1002.1,99,899.0,2.7,146,0.125,0.0
2022-08-11T06:00,39.9,32,1001.4,96,901.0,2.55,133,0.125,0.0
2022-08-11T07:00,39.9,31,1000.6,97,777.0,2.45,123,0.125,0.0
2022-08-11T08:00,40.9,28,999.6,94,685.0,2.37,118,0.125,0.0
2022-08-11T09:00,41.3,27,999.0,95,481.0,2.24,114,0.125,0.0
2022-08-11T10:00,38.4,34,998.3,95,297.0,1.32,143,0.122,0.0
2022-08-11T11:00,38.4,37,998.2,94,122.0,1.14,142,0.122,0.0
2022-08-11T12:00,37.9,37,998.7,97,13.0,1.39,142,0.122,0.0
2022-08-11T13:00,37.6,36,999.2,94,0.0,1.75,149,0.122,0.0
2022-08-11T14:00,36.5,38,1000.1,95,0.0,1.97,150,0.122,0.0
2022-08-11T15:00,33.5,46,1001.2,95,0.0,2.09,147,0.122,0.0
2022-08-11T16:00,34.0,43,1001.6,60,0.0,2.26,149,0.122,0.0
2022-08-11T17:00,33.4,46,1002.0,42,0.0,3.0,156,0.122,0.0
2022-08-11T18:00,33.3,47,1001.9,50,0.0,3.4,163,0.122,0.0
2022-08-11T19:00,32.9,48,1001.7,52,0.0,3.17,164,0.122,0.0
2022-08-11T20:00,31.5,54,1002.0,35,0.0,2.67,163,0.122,0.0
2022-08-11T21:00,31.3,55,1002.0,29,0.0,2.27,158,0.122,0.0
2022-08-11T22:00,32.0,51,1002.2,29,0.0,1.99,141,0.122,0.0
2022-08-11T23:00,32.0,52,1002.2,8,17.0,1.95,138,0.122,0.0
2022-08-12T00:00,32.1,52,1002.9,2,150.0,2.83,144,0.122,0.0
2022-08-12T01:00,31.9,54,1002.6,5,351.0,4.01,147,0.122,0.0
2022-08-12T02:00,36.1,42,1002.5,12,551.0,4.17,150,0.122,0.0
2022-08-12T03:00,36.4,42,1002.4,11,724.0,4.29,154,0.122,0.0
2022-08-12T04:00,36.8,41,1002.0,7,851.0,4.06,158,0.122,0.0
2022-08-12T05:00,39.6,33,1001.1,7,913.0,3.53,159,0.122,0.0
2022-08-12T06:00,39.9,32,1000.1,16,911.0,3.14,158,0.122,0.0
2022-08-12T07:00,40.2,32,998.9,12,851.0,3.07,158,0.122,0.0
2022-08-12T08:00,41.2,29,997.9,6,722.0,3.02,161,0.122,0.0
2022-08-12T09:00,41.4,28,996.8,2,546.0,3.04,163,0.122,0.0
2022-08-12T10:00,39.1,33,996.7,17,349.0,3.0,165,0.121,0.0
2022-08-12T11:00,38.7,33,996.7,16,148.0,1.98,159,0.121,0.0
2022-08-12T12:00,37.9,34,997.2,13,15.0,2.14,143,0.121,0.0
2022-08-12T13:00,37.9,33,997.9,3,0.0,2.32,143,0.121,0.0
2022-08-12T14:00,37.2,33,998.9,5,0.0,2.51,149,0.121,0.0
2022-08-12T15:00,34.9,40,1000.3,6,0.0,2.4,149,0.121,0.0
2022-08-12T16:00,34.6,40,1000.7,4,0.0,2.41,146,0.121,0.0
2022-08-12T17:00,33.6,43,1000.4,5,0.0,2.52,146,0.121,0.0
2022-08-12T18:00,33.3,43,1000.2,3,0.0,2.54,148,0.121,0.0
2022-08-12T19:00,32.8,46,999.6,6,0.0,2.46,142,0.121,0.0
2022-08-12T20:00,31.2,51,999.6,8,0.0,2.47,135,0.121,0.0
2022-08-12T21:00,31.2,52,999.9,2,0.0,2.59,130,0.121,0.0
2022-08-12T22:00,32.3,49,999.8,3,0.0,2.15,118,0.121,0.0
2022-08-12T23:00,32.2,49,1000.0,1,16.0,2.48,115,0.121,0.0
2022-08-13T00:00,32.2,50,1000.4,0,151.0,3.15,117,0.121,0.0
2022-08-13T01:00,32.1,52,1000.1,26,355.0,4.01,130,0.121,0.0
2022-08-13T02:00,37.0,39,1000.1,35,557.0,3.9,144,0.121,0.0
2022-08-13T03:00,37.3,38,1000.1,56,731.0,3.67,156,0.121,0.0
2022-08-13T04:00,37.8,37,999.7,70,853.0,3.53,162,0.121,0.0
2022-08-13T05:00,41.0,30,998.9,42,922.0,3.24,160,0.121,0.0
2022-08-13T06:00,41.2,29,998.3,43,920.0,3.22,154,0.121,0.0
2022-08-13T07:00,41.2,29,997.2,13,837.0,3.31,155,0.121,0.0
2022-08-13T08:00,42.0,26,996.6,17,678.0,3.35,153,0.121,0.0
2022-08-13T09:00,42.1,25,996.0,23,554.0,3.29,150,0.121,0.0
2022-08-13T10:00,39.5,30,996.3,50,348.0,2.65,148,0.12,0.0
2022-08-13T11:00,39.1,32,995.6,49,147.0,1.81,141,0.12,0.0
2022-08-13T12:00,38.0,34,995.9,49,13.0,2.28,119,0.12,0.0
2022-08-13T13:00,37.9,33,996.3,32,0.0,2.21,123,0.12,0.0
2022-08-13T14:00,36.9,34,997.7,9,0.0,2.9,136,0.12,0.0
2022-08-13T15:00,34.1,42,998.6,4,0.0,2.97,147,0.12,0.0
2022-08-13T16:00,33.8,42,999.5,4,0.0,2.36,148,0.12,0.0
2022-08-13T17:00,33.2,44,999.9,11,0.0,2.65,148,0.12,0.0
2022-08-13T18:00,33.1,45,999.4,20,0.0,2.91,145,0.12,0.0
2022-08-13T19:00,32.9,46,999.5,19,0.0,2.87,139,0.12,0.0
2022-08-13T20:00,31.4,51,999.3,32,0.0,2.69,132,0.12,0.0
2022-08-13T21:00,31.2,52,999.3,38,0.0,2.54,122,0.12,0.0
2022-08-13T22:00,31.9,51,999.7,44,0.0,2.23,106,0.12,0.0
2022-08-13T23:00,32.0,50,999.6,71,16.0,2.71,113,0.12,0.0
2022-08-14T00:00,32.2,51,1000.1,99,150.0,3.47,120,0.12,0.0
2022-08-14T01:00,32.0,52,1000.0,97,351.0,4.11,132,0.12,0.0
2022-08-14T02:00,36.7,40,1000.3,98,551.0,3.66,140,0.12,0.0
2022-08-14T03:00,36.9,41,1000.5,59,727.0,3.02,141,0.12,0.0
2022-08-14T04:00,37.2,40,1000.4,86,852.0,2.51,134,0.12,0.0
2022-08-14T05:00,40.0,33,999.9,86,914.0,2.27,123,0.12,0.0
2022-08-14T06:00,40.3,33,998.9,76,912.0,2.44,118,0.12,0.0
2022-08-14T07:00,40.6,32,998.5,85,855.0,2.48,118,0.12,0.0
2022-08-14T08:00,41.5,29,997.6,97,719.0,2.42,117,0.12,0.0
2022-08-14T09:00,41.6,29,997.4,95,546.0,2.02,113,0.12,0.0
2022-08-14T10:00,38.7,34,996.7,94,347.0,1.56,84,0.12,0.0
2022-08-14T11:00,38.3,34,996.2,69,143.0,1.29,54,0.12,0.0
2022-08-14T12:00,37.6,35,997.2,14,13.0,2.41,40,0.12,0.0
2022-08-14T13:00,37.8,33,997.8,82,0.0,1.95,40,0.12,0.0
2022-08-14T14:00,36.8,36,998.9,100,0.0,1.95,61,0.12,0.0
2022-08-14T15:00,34.0,45,999.5,100,0.0,2.12,82,0.12,0.0
2022-08-14T16:00,33.9,45,1000.0,100,0.0,2.18,106,0.12,0.0
2022-08-14T17:00,32.7,48,1000.0,100,0.0,2.32,127,0.12,0.0
2022-08-14T18:00,32.8,46,999.8,100,0.0,2.71,142,0.12,0.0
2022-08-14T19:00,32.8,46,999.8,100,0.0,2.5,143,0.12,0.0
2022-08-14T20:00,31.2,53,999.5,100,0.0,2.05,137,0.12,0.0
2022-08-14T21:00,31.0,54,999.9,100,0.0,1.88,132,0.12,0.0
2022-08-14T22:00,32.0,53,1000.0,100,0.0,1.43,102,0.12,0.0
2022-08-14T23:00,32.1,54,1001.2,99,14.0,1.71,97,0.12,0.0
2022-08-15T00:00,32.4,54,1001.4,100,132.0,1.79,113,0.12,0.0
2022-08-15T01:00,31.7,56,1001.4,97,227.0,2.3,138,0.12,0.0
2022-08-15T02:00,37.0,44,1001.7,95,476.0,2.28,154,0.12,0.0
2022-08-15T03:00,37.3,44,1001.5,91,643.0,1.63,162,0.12,0.0
2022-08-15T04:00,37.5,44,1001.1,85,805.0,0.75,143,0.12,0.0
2022-08-15T05:00,40.3,34,1000.5,94,759.0,1.17,110,0.12,0.0
2022-08-15T06:00,40.6,33,999.3,95,857.0,1.64,102,0.12,0.0
2022-08-15T07:00,40.9,33,998.9,97,719.0,1.97,97,0.12,0.0
2022-08-15T08:00,41.6,30,997.9,98,680.0,2.21,96,0.12,0.0
2022-08-15T09:00,41.7,29,997.5,94,535.0,2.4,89,0.12,0.0
2022-08-15T10:00,38.2,38,997.2,97,326.0,1.68,107,0.12,0.1
2022-08-15T11:00,38.3,36,997.1,95,132.0,2.05,124,0.12,0.0
2022-08-15T12:00,37.9,36,997.5,95,12.0,1.53,109,0.12,0.0
2022-08-15T13:00,37.6,38,998.1,93,0.0,1.7,130,0.12,0.0
2022-08-15T14:00,36.0,44,998.8,91,0.0,1.38,139,0.12,0.0
2022-08-15T15:00,33.8,52,999.7,94,0.0,0.99,139,0.12,0.0
2022-08-15T16:00,33.7,51,999.9,95,0.0,1.42,141,0.12,0.0
2022-08-15T17:00,33.2,51,1000.1,93,0.0,1.52,134,0.12,0.0
2022-08-15T18:00,32.7,53,999.7,97,0.0,1.2,135,0.12,0.0
2022-08-15T19:00,33.2,51,999.5,95,0.0,1.56,140,0.12,0.0
2022-08-15T20:00,32.1,55,999.5,92,0.0,1.71,142,0.12,0.0
2022-08-15T21:00,32.2,55,999.0,73,0.0,1.67,129,0.12,0.0
2022-08-15T22:00,32.4,59,999.3,63,0.0,1.06,109,0.12,0.0
2022-08-15T23:00,32.5,58,1000.5,66,13.0,1.25,95,0.12,0.0
2022-08-16T00:00,33.2,54,1000.5,85,139.0,1.21,97,0.12,0.0
2022-08-16T01:00,33.2,53,1000.9,95,293.0,2.14,127,0.12,0.0
2022-08-16T02:00,37.7,41,1000.9,96,398.0,2.53,150,0.12,0.0
2022-08-16T03:00,38.3,41,1000.7,97,651.0,2.11,158,0.12,0.0
2022-08-16T04:00,38.5,41,1000.3,98,787.0,2.15,152,0.12,0.0
2022-08-16T05:00,40.5,34,999.4,76,717.0,2.47,144,0.12,0.0
2022-08-16T06:00,41.2,32,998.1,52,750.0,2.45,139,0.12,0.0
2022-08-16T07:00,41.3,32,997.6,77,793.0,2.55,135,0.12,0.0
2022-08-16T08:00,41.9,29,996.6,82,676.0,2.72,133,0.12,0.0
2022-08-16T09:00,41.7,29,996.4,94,473.0,3.1,128,0.12,0.0
2022-08-16T10:00,39.2,34,996.1,99,287.0,2.23,130,0.119,0.0
2022-08-16T11:00,39.1,34,995.3,97,89.0,2.09,138,0.119,0.0
2022-08-16T12:00,38.6,34,995.4,97,9.0,1.91,133,0.119,0.0
2022-08-16T13:00,38.6,33,996.5,99,0.0,2.06,116,0.119,0.0
2022-08-16T14:00,37.6,35,997.1,100,0.0,2.44,105,0.119,0.0
2022-08-16T15:00,34.5,45,998.3,92,0.0,2.3,117,0.119,0.0
2022-08-16T16:00,34.6,44,999.0,97,0.0,2.43,127,0.119,0.0
2022-08-16T17:00,34.2,44,999.4,98,0.0,2.93,136,0.119,0.0
2022-08-16T18:00,34.5,43,998.9,85,0.0,3.09,141,0.119,0.0
2022-08-16T19:00,34.5,43,999.2,77,0.0,3.1,142,0.119,0.0
2022-08-16T20:00,33.3,48,998.9,82,0.0,3.25,143,0.119,0.0
2022-08-16T21:00,33.1,49,999.3,95,0.0,3.47,144,0.119,0.0
2022-08-16T22:00,33.7,47,999.4,93,0.0,2.86,134,0.119,0.0
2022-08-16T23:00,33.4,48,1000.0,68,14.0,3.35,128,0.119,0.0
2022-08-17T00:00,33.6,49,1000.2,33,143.0,4.17,124,0.119,0.0
2022-08-17T01:00,33.6,50,999.9,21,343.0,5.02,134,0.119,0.0
2022-08-17T02:00,38.3,37,999.5,61,543.0,4.95,142,0.119,0.0
2022-08-17T03:00,38.8,37,999.6,87,708.0,5.25,149,0.119,0.0
2022-08-17T04:00,39.2,37,998.9,89,841.0,4.99,154,0.119,0.0
2022-08-17T05:00,42.1,28,998.3,91,887.0,4.53,158,0.119,0.0
2022-08-17T06:00,42.3,27,996.9,93,830.0,4.39,156,0.119,0.0
2022-08-17T07:00,42.4,26,996.1,88,722.0,4.38,154,0.119,0.0
2022-08-17T08:00,42.2,25,995.1,93,702.0,4.52,154,0.119,0.0
2022-08-17T09:00,42.5,24,994.7,88,537.0,4.7,151,0.119,0.0
2022-08-17T10:00,40.2,28,994.8,95,298.0,3.98,155,0.119,0.0
2022-08-17T11:00,39.8,28,994.1,95,113.0,2.55,145,0.119,0.0
2022-08-17T12:00,39.3,29,995.1,97,10.0,2.09,136,0.119,0.0
2022-08-17T13:00,39.0,29,996.3,95,0.0,2.43,143,0.119,0.0
2022-08-17T14:00,37.6,32,997.4,86,0.0,2.68,147,0.119,0.0
2022-08-17T15:00,35.2,40,998.1,26,0.0,3.47,155,0.119,0.0
2022-08-17T16:00,35.1,40,998.5,15,0.0,3.45,156,0.119,0.0
2022-08-17T17:00,34.6,41,998.8,49,0.0,3.96,152,0.119,0.0
2022-08-17T18:00,34.6,41,998.4,75,0.0,4.15,149,0.119,0.0
2022-08-17T19:00,34.3,42,998.5,84,0.0,3.89,143,0.119,0.0
2022-08-17T20:00,32.6,48,998.0,91,0.0,3.86,139,0.119,0.0
2022-08-17T21:00,32.4,49,998.2,88,0.0,3.97,139,0.119,0.0
2022-08-17T22:00,33.1,47,997.7,89,0.0,3.47,137,0.119,0.0
2022-08-17T23:00,33.0,47,998.5,79,13.0,3.47,133,0.119,0.0
2022-08-18T00:00,33.0,49,998.9,64,142.0,4.09,129,0.119,0.0
2022-08-18T01:00,33.0,51,998.8,74,341.0,5.26,144,0.119,0.0
2022-08-18T02:00,37.7,37,999.1,81,542.0,5.44,156,0.119,0.0
2022-08-18T03:00,38.2,37,998.9,86,716.0,5.42,162,0.119,0.0
2022-08-18T04:00,38.6,36,998.7,76,836.0,5.17,165,0.119,0.0
2022-08-18T05:00,41.6,29,997.6,79,908.0,4.96,168,0.119,0.0
2022-08-18T06:00,42.0,28,996.7,89,902.0,4.74,169,0.119,0.0
2022-08-18T07:00,42.3,27,995.7,79,773.0,4.38,169,0.119,0.0
2022-08-18T08:00,43.3,24,994.8,71,588.0,4.09,165,0.119,0.0
2022-08-18T09:00,43.1,23,994.3,40,483.0,3.9,157,0.119,0.0
2022-08-18T10:00,40.6,29,995.5,52,317.0,3.33,144,0.118,0.0
2022-08-18T11:00,40.0,29,994.6,69,101.0,2.34,138,0.118,0.0
2022-08-18T12:00,38.9,31,995.7,81,8.0,2.68,123,0.118,0.0
2022-08-18T13:00,38.7,30,996.2,87,0.0,2.58,105,0.118,0.0
2022-08-18T14:00,37.6,31,997.4,88,0.0,2.86,117,0.118,0.0
2022-08-18T15:00,35.2,37,998.2,97,0.0,2.59,124,0.118,0.0
2022-08-18T16:00,35.4,35,998.7,98,0.0,3.22,133,0.118,0.0
2022-08-18T17:00,34.9,36,999.1,95,0.0,3.36,137,0.118,0.0
2022-08-18T18:00,35.0,35,998.6,99,0.0,2.97,136,0.118,0.0
2022-08-18T19:00,34.8,36,998.5,100,0.0,2.44,134,0.118,0.0
2022-08-18T20:00,33.3,41,998.7,99,0.0,2.19,133,0.118,0.0
2022-08-18T21:00,33.0,42,999.1,100,0.0,2.23,136,0.118,0.0
2022-08-18T22:00,33.3,41,999.4,100,0.0,2.23,124,0.118,0.0
2022-08-18T23:00,33.5,41,999.7,100,12.0,2.69,125,0.118,0.0
2022-08-19T00:00,33.8,43,1000.3,99,133.0,3.4,133,0.118,0.0
2022-08-19T01:00,33.9,45,1000.4,99,333.0,4.26,146,0.118,0.0
2022-08-19T02:00,38.8,34,1000.8,99,530.0,3.76,161,0.118,0.0
2022-08-19T03:00,38.7,36,1000.6,99,701.0,3.04,171,0.118,0.0
2022-08-19T04:00,38.8,36,1000.3,99,809.0,2.33,171,0.118,0.0
2022-08-19T05:00,41.8,29,999.4,98,887.0,1.85,161,0.118,0.0
2022-08-19T06:00,41.8,29,998.0,99,849.0,1.76,145,0.118,0.0
2022-08-19T07:00,41.7,29,997.4,93,802.0,1.81,132,0.118,0.0
2022-08-19T08:00,42.4,27,997.0,96,556.0,2.01,117,0.118,0.0
2022-08-19T09:00,42.2,27,996.4,98,493.0,2.29,106,0.118,0.0
2022-08-19T10:00,39.5,32,996.6,100,284.0,1.55,90,0.118,0.0
2022-08-19T11:00,39.3,31,996.1,100,123.0,1.35,51,0.118,0.0
2022-08-19T12:00,38.8,32,997.3,93,9.0,1.91,47,0.118,0.0
2022-08-19T13:00,38.4,32,997.8,98,0.0,2.02,50,0.118,0.0
2022-08-19T14:00,37.2,35,999.0,100,0.0,1.98,56,0.118,0.0
2022-08-19T15:00,34.7,43,999.3,100,0.0,2.02,67,0.118,0.0
2022-08-19T16:00,34.8,43,999.9,99,0.0,2.1,89,0.118,0.0
2022-08-19T17:00,34.3,44,1000.0,97,0.0,2.02,110,0.118,0.0
2022-08-19T18:00,34.4,43,999.6,97,0.0,2.67,128,0.118,0.0
2022-08-19T19:00,34.3,43,999.7,98,0.0,2.94,137,0.118,0.0
2022-08-19T20:00,32.9,49,999.7,98,0.0,2.55,138,0.118,0.0
2022-08-19T21:00,32.8,49,999.8,98,0.0,2.26,135,0.118,0.0
2022-08-19T22:00,33.9,47,999.7,99,0.0,1.37,114,0.118,0.0
2022-08-19T23:00,34.0,46,1000.8,99,10.0,1.68,113,0.118,0.0
2022-08-20T00:00,33.6,49,1001.3,100,75.0,2.39,127,0.118,0.0
2022-08-20T01:00,33.9,51,1001.6,100,275.0,3.66,148,0.118,0.0
2022-08-20T02:00,38.8,37,1001.9,100,423.0,4.12,170,0.118,0.0
2022-08-20T03:00,39.2,37,1001.6,100,687.0,3.85,181,0.118,0.0
2022-08-20T04:00,39.4,37,1001.3,100,814.0,3.36,185,0.118,0.0
2022-08-20T05:00,42.3,29,1000.2,96,830.0,2.9,178,0.118,0.0
2022-08-20T06:00,42.3,29,999.3,72,815.0,2.5,164,0.118,0.0
2022-08-20T07:00,42.6,29,998.2,26,730.0,2.52,146,0.118,0.0
2022-08-20T08:00,43.0,27,997.3,30,536.0,2.76,135,0.118,0.0
2022-08-20T09:00,43.2,26,996.5,28,458.0,3.07,127,0.118,0.0
2022-08-20T10:00,40.2,32,995.6,29,270.0,2.15,121,0.117,0.0
2022-08-20T11:00,40.2,31,996.1,52,109.0,2.0,112,0.117,0.0
2022-08-20T12:00,39.8,31,996.3,48,8.0,2.01,94,0.117,0.0
2022-08-20T13:00,39.6,31,996.7,43,0.0,2.15,90,0.117,0.0
2022-08-20T14:00,38.7,33,997.5,71,0.0,2.14,111,0.117,0.0
2022-08-20T15:00,36.8,38,998.1,73,0.0,3.32,134,0.117,0.0
2022-08-20T16:00,36.6,37,999.3,82,0.0,4.36,148,0.117,0.0
2022-08-20T17:00,36.1,39,999.4,85,0.0,4.14,152,0.117,0.0
2022-08-20T18:00,35.5,41,999.1,83,0.0,3.96,151,0.117,0.0
2022-08-20T19:00,35.1,43,999.4,75,0.0,3.85,150,0.117,0.0
2022-08-20T20:00,33.4,48,999.0,62,0.0,3.47,150,0.117,0.0
2022-08-20T21:00,33.3,49,999.4,61,0.0,3.13,153,0.117,0.0
2022-08-20T22:00,34.4,45,999.6,81,0.0,2.75,153,0.117,0.0
2022-08-20T23:00,34.0,46,1000.3,83,12.0,3.02,156,0.117,0.0
2022-08-21T00:00,34.2,47,1000.8,89,140.0,3.92,157,0.117,0.0
2022-08-21T01:00,34.1,48,1001.1,79,339.0,4.93,160,0.117,0.0
2022-08-21T02:00,38.0,36,1000.8,54,543.0,5.25,162,0.117,0.0
2022-08-21T03:00,38.2,37,1000.8,69,720.0,5.36,164,0.117,0.0
2022-08-21T04:00,38.4,36,999.7,87,845.0,5.28,165,0.117,0.0
2022-08-21T05:00,41.3,29,998.6,69,910.0,5.06,168,0.117,0.0
2022-08-21T06:00,41.6,29,997.2,21,911.0,4.86,168,0.117,0.0
2022-08-21T07:00,41.8,28,996.2,5,834.0,4.62,167,0.117,0.0
2022-08-21T08:00,42.1,27,995.1,3,685.0,4.44,166,0.117,0.0
2022-08-21T09:00,42.3,27,994.8,7,511.0,4.44,163,0.117,0.0
2022-08-21T10:00,39.4,31,995.0,18,310.0,3.81,161,0.117,0.0
2022-08-21T11:00,39.3,30,994.6,15,123.0,3.18,164,0.117,0.0
2022-08-21T12:00,39.0,30,995.1,19,7.0,3.15,162,0.117,0.0
2022-08-21T13:00,39.0,30,995.6,19,0.0,4.42,164,0.117,0.0
2022-08-21T14:00,37.6,32,996.6,67,0.0,5.32,164,0.117,0.0
2022-08-21T15:00,35.0,39,996.9,82,0.0,5.27,160,0.117,0.0
2022-08-21T16:00,34.7,39,997.9,80,0.0,4.64,158,0.117,0.0
2022-08-21T17:00,33.7,41,998.4,84,0.0,4.17,157,0.117,0.0
2022-08-21T18:00,33.4,41,998.2,2,0.0,3.83,156,0.117,0.0
2022-08-21T19:00,33.2,42,998.3,2,0.0,3.46,149,0.117,0.0
2022-08-21T20:00,31.4,48,998.6,13,0.0,3.55,141,0.117,0.0
2022-08-21T21:00,31.4,48,998.7,74,0.0,3.64,137,0.117,0.0
2022-08-21T22:00,32.3,47,999.1,76,0.0,3.4,126,0.117,0.0
2022-08-21T23:00,32.2,48,1000.0,74,12.0,3.63,124,0.117,0.0
2022-08-22T00:00,32.0,50,1000.1,75,138.0,4.49,128,0.117,0.0
2022-08-22T01:00,32.1,51,1000.5,64,338.0,4.53,139,0.117,0.0
2022-08-22T02:00,36.5,40,1000.5,64,539.0,4.23,147,0.117,0.0
2022-08-22T03:00,37.0,39,1000.6,78,713.0,3.62,152,0.117,0.0
2022-08-22T04:00,37.3,38,1000.0,94,837.0,2.65,148,0.117,0.0
2022-08-22T05:00,40.1,32,999.4,87,902.0,2.19,137,0.117,0.0
2022-08-22T06:00,40.3,32,998.4,89,897.0,2.22,126,0.117,0.0
2022-08-22T07:00,40.6,31,997.4,92,825.0,2.16,124,0.117,0.0
2022-08-22T08:00,41.7,29,996.9,94,672.0,1.82,122,0.117,0.0
2022-08-22T09:00,41.9,28,996.4,93,503.0,1.36,96,0.117,0.0
2022-08-22T10:00,39.0,33,996.4,98,293.0,0.98,66,0.117,0.0
2022-08-22T11:00,39.1,31,996.9,92,113.0,1.17,43,0.117,0.0
2022-08-22T12:00,38.9,32,997.2,94,6.0,1.86,36,0.117,0.0
2022-08-22T13:00,39.2,31,997.9,99,0.0,2.0,37,0.117,0.0
2022-08-22T14:00,37.9,33,998.7,100,0.0,2.02,44,0.117,0.0
2022-08-22T15:00,34.7,44,999.1,100,0.0,1.99,72,0.117,0.0
2022-08-22T16:00,34.6,44,999.8,100,0.0,1.77,98,0.117,0.0
2022-08-22T17:00,34.1,44,999.8,85,0.0,2.5,127,0.117,0.0
2022-08-22T18:00,34.7,40,999.8,67,0.0,2.95,141,0.117,0.0
2022-08-22T19:00,34.5,40,999.8,14,0.0,2.75,143,0.117,0.0
2022-08-22T20:00,33.1,45,999.7,4,0.0,2.26,135,0.117,0.0
2022-08-22T21:00,32.8,47,1000.3,20,0.0,1.85,128,0.117,0.0
2022-08-22T22:00,33.1,47,1000.9,68,0.0,1.75,121,0.117,0.0
2022-08-22T23:00,33.0,48,1002.2,94,11.0,1.8,124,0.117,0.0
2022-08-23T00:00,33.2,48,1002.5,96,121.0,2.57,127,0.117,0.0
2022-08-23T01:00,33.1,49,1002.9,88,293.0,3.29,133,0.117,0.0
2022-08-23T02:00,38.4,36,1002.7,82,495.0,3.32,136,0.117,0.0
2022-08-23T03:00,38.7,37,1002.5,88,662.0,3.56,142,0.117,0.0
2022-08-23T04:00,39.1,36,1001.8,82,812.0,3.32,143,0.117,0.0
2022-08-23T05:00,41.6,30,1001.1,82,836.0,2.87,139,0.117,0.0
2022-08-23T06:00,41.6,30,1000.1,79,869.0,2.66,131,0.117,0.0
2022-08-23T07:00,41.7,30,999.3,71,738.0,2.69,125,0.117,0.0
2022-08-23T08:00,42.8,28,998.5,64,655.0,3.0,123,0.117,0.0
2022-08-23T09:00,42.6,28,998.4,50,510.0,3.44,123,0.117,0.0
2022-08-23T10:00,39.9,32,998.1,59,306.0,2.66,116,0.117,0.0
2022-08-23T11:00,39.4,31,998.3,29,112.0,2.55,89,0.117,0.0
2022-08-23T12:00,38.9,33,998.4,43,6.0,3.05,87,0.117,0.0
2022-08-23T13:00,38.8,33,999.4,47,0.0,3.5,100,0.117,0.0
2022-08-23T14:00,38.0,33,1000.9,17,0.0,3.8,111,0.117,0.0
2022-08-23T15:00,36.0,39,1001.9,22,0.0,3.98,118,0.117,0.0
2022-08-23T16:00,36.0,38,1002.5,24,0.0,3.48,122,0.117,0.0
2022-08-23T17:00,35.8,40,1003.0,34,0.0,3.0,123,0.117,0.0
2022-08-23T18:00,35.8,39,1003.0,36,0.0,2.61,122,0.117,0.0
2022-08-23T19:00,35.6,40,1002.9,46,0.0,2.33,121,0.117,0.0
2022-08-23T20:00,34.4,43,1003.0,41,0.0,2.29,122,0.117,0.0
2022-08-23T21:00,34.0,44,1003.3,51,0.0,2.29,122,0.117,0.0
2022-08-23T22:00,34.4,44,1002.9,37,0.0,2.24,114,0.117,0.0
2022-08-23T23:00,34.4,45,1003.9,24,8.0,2.82,113,0.117,0.0
2022-08-24T00:00,34.7,45,1004.3,14,109.0,3.76,113,0.117,0.0
2022-08-24T01:00,34.6,47,1004.3,9,288.0,4.42,133,0.117,0.0
2022-08-24T02:00,38.6,36,1004.7,3,505.0,4.26,140,0.117,0.0
2022-08-24T03:00,38.8,36,1004.4,10,691.0,4.01,140,0.117,0.0
2022-08-24T04:00,39.3,35,1003.8,18,794.0,3.71,137,0.117,0.0
2022-08-24T05:00,41.2,29,1002.8,12,889.0,3.5,136,0.117,0.0
2022-08-24T06:00,41.0,29,1001.2,18,777.0,3.26,133,0.117,0.0
2022-08-24T07:00,41.2,29,1000.4,48,762.0,3.38,124,0.117,0.0
2022-08-24T08:00,42.4,26,999.3,51,628.0,3.49,119,0.117,0.0
2022-08-24T09:00,42.1,27,999.0,49,473.0,3.76,117,0.117,0.0
2022-08-24T10:00,39.2,34,997.1,56,283.0,3.14,127,0.117,0.0
2022-08-24T11:00,39.0,34,997.5,29,90.0,3.02,119,0.117,0.0
2022-08-24T12:00,39.2,33,997.9,22,4.0,2.58,108,0.117,0.0
2022-08-24T13:00,39.1,33,998.8,15,0.0,2.38,98,0.117,0.0
2022-08-24T14:00,38.1,35,999.6,11,0.0,2.0,103,0.117,0.0
2022-08-24T15:00,35.6,44,1001.4,15,0.0,2.06,113,0.117,0.0
2022-08-24T16:00,35.5,43,1001.6,24,0.0,2.02,120,0.117,0.0
2022-08-24T17:00,34.9,45,1001.5,42,0.0,2.78,128,0.117,0.0
2022-08-24T18:00,35.3,43,1001.3,71,0.0,3.71,134,0.117,0.0
2022-08-24T19:00,35.3,42,1001.0,82,0.0,3.93,138,0.117,0.0
2022-08-24T20:00,33.8,45,1000.8,82,0.0,3.3,139,0.117,0.0
2022-08-24T21:00,33.6,45,1001.3,85,0.0,2.97,134,0.117,0.0
2022-08-24T22:00,33.9,46,1001.2,95,0.0,2.55,140,0.117,0.0
2022-08-24T23:00,33.6,48,1002.6,94,9.0,2.09,123,0.117,0.0
2022-08-25T00:00,33.7,49,1003.4,97,123.0,2.37,115,0.117,0.0
2022-08-25T01:00,33.7,50,1003.8,95,317.0,2.81,129,0.117,0.0
2022-08-25T02:00,37.0,41,1003.9,94,437.0,3.04,144,0.117,0.0
2022-08-25T03:00,37.4,40,1003.8,85,608.0,3.33,152,0.117,0.0
2022-08-25T04:00,38.0,38,1003.2,64,790.0,3.09,151,0.117,0.0
2022-08-25T05:00,39.9,33,1002.7,62,772.0,2.54,144,0.117,0.0
2022-08-25T06:00,40.2,32,1001.5,59,840.0,2.27,130,0.117,0.0
2022-08-25T07:00,40.5,32,1000.5,60,801.0,2.3,114,0.117,0.0
2022-08-25T08:00,40.4,31,999.2,58,615.0,2.87,103,0.117,0.0
2022-08-25T09:00,40.5,30,999.0,79,474.0,3.08,97,0.117,0.0
2022-08-25T10:00,38.7,34,999.4,78,268.0,2.76,125,0.116,0.0
2022-08-25T11:00,38.4,33,999.0,56,102.0,1.2,163,0.116,0.0
2022-08-25T12:00,38.3,32,999.7,51,4.0,1.05,155,0.116,0.0
2022-08-25T13:00,38.2,31,1000.6,34,0.0,1.48,123,0.116,0.0
2022-08-25T14:00,37.6,32,1001.3,41,0.0,0.76,157,0.116,0.0
2022-08-25T15:00,36.1,36,1002.2,84,0.0,1.06,139,0.116,0.0
2022-08-25T16:00,35.9,37,1002.6,93,0.0,2.0,122,0.116,0.0
2022-08-25T17:00,35.0,41,1002.8,99,0.0,2.73,140,0.116,0.0
2022-08-25T18:00,34.4,43,1002.6,100,0.0,3.14,166,0.116,0.0
2022-08-25T19:00,34.0,45,1002.7,99,0.0,2.55,183,0.116,0.0
2022-08-25T20:00,32.2,52,1002.9,99,0.0,1.96,186,0.116,0.0
2022-08-25T21:00,31.9,53,1003.2,97,0.0,1.65,178,0.116,0.0
2022-08-25T22:00,32.6,51,1002.6,99,0.0,1.9,180,0.116,0.0
2022-08-25T23:00,32.4,52,1003.9,94,8.0,1.75,183,0.116,0.0
2022-08-26T00:00,32.9,51,1004.4,97,119.0,2.16,185,0.116,0.0
2022-08-26T01:00,32.9,52,1004.8,98,309.0,2.97,187,0.116,0.0
2022-08-26T02:00,35.7,42,1005.0,94,476.0,3.2,178,0.116,0.0
2022-08-26T03:00,35.5,44,1005.4,91,595.0,3.13,173,0.116,0.0
2022-08-26T04:00,35.5,45,1004.6,91,702.0,3.18,164,0.116,0.0
2022-08-26T05:00,37.2,39,1003.9,93,673.0,3.13,160,0.116,0.0
2022-08-26T06:00,37.2,39,1002.6,91,693.0,3.06,154,0.116,0.0
2022-08-26T07:00,37.3,39,1002.3,83,723.0,2.94,148,0.116,0.0
2022-08-26T08:00,38.7,35,1001.1,53,567.0,2.92,142,0.116,0.0
2022-08-26T09:00,38.9,33,1000.5,51,392.0,3.18,143,0.116,0.0
2022-08-26T10:00,36.1,39,1000.7,92,233.0,2.77,152,0.116,0.0
2022-08-26T11:00,36.4,36,1000.2,51,102.0,2.75,147,0.116,0.0
2022-08-26T12:00,36.1,35,1000.8,82,4.0,2.13,141,0.116,0.0
2022-08-26T13:00,35.9,34,1002.2,87,0.0,1.98,131,0.116,0.0
2022-08-26T14:00,35.3,36,1002.7,83,0.0,2.69,138,0.116,0.0
2022-08-26T15:00,33.6,41,1003.5,87,0.0,3.55,148,0.116,0.0
2022-08-26T16:00,33.4,41,1003.9,93,0.0,3.94,154,0.116,0.0
2022-08-26T17:00,32.9,42,1004.0,99,0.0,3.67,160,0.116,0.0
2022-08-26T18:00,32.6,43,1003.8,100,0.0,3.46,160,0.116,0.0
2022-08-26T19:00,32.4,44,1003.5,100,0.0,3.29,156,0.116,0.0
2022-08-26T20:00,30.9,50,1003.6,100,0.0,3.54,151,0.116,0.0
2022-08-26T21:00,30.6,52,1003.5,100,0.0,3.68,149,0.116,0.0
2022-08-26T22:00,31.4,49,1004.0,99,0.0,3.09,140,0.116,0.0
2022-08-26T23:00,31.2,50,1004.2,99,9.0,3.43,133,0.116,0.0
2022-08-27T00:00,31.3,51,1004.1,98,117.0,4.39,138,0.116,0.0
2022-08-27T01:00,31.3,53,1003.7,91,308.0,4.99,151,0.116,0.0
2022-08-27T02:00,34.9,42,1003.6,96,508.0,5.03,161,0.116,0.0
2022-08-27T03:00,35.3,41,1003.3,99,680.0,4.91,165,0.116,0.0
2022-08-27T04:00,35.8,40,1002.4,93,814.0,4.58,166,0.116,0.0
2022-08-27T05:00,39.2,32,1000.9,99,872.0,4.35,167,0.116,0.0
2022-08-27T06:00,39.7,31,999.5,100,877.0,4.12,166,0.116,0.0
2022-08-27T07:00,39.9,30,998.4,99,778.0,4.25,162,0.116,0.0
2022-08-27T08:00,40.4,29,997.0,97,643.0,4.46,160,0.116,0.0
2022-08-27T09:00,40.4,28,996.8,90,465.0,4.75,158,0.116,0.0
2022-08-27T10:00,38.0,34,997.3,96,246.0,4.27,154,0.116,0.0
2022-08-27T11:00,37.5,33,996.2,96,94.0,3.94,140,0.116,0.0
2022-08-27T12:00,37.3,33,996.9,96,4.0,4.05,130,0.116,0.0
2022-08-27T13:00,37.1,33,997.9,95,0.0,4.16,125,0.116,0.0
2022-08-27T14:00,36.3,34,998.5,96,0.0,4.08,126,0.116,0.0
2022-08-27T15:00,34.3,40,999.4,99,0.0,4.51,130,0.116,0.0
2022-08-27T16:00,34.3,39,999.8,100,0.0,5.02,137,0.116,0.0
2022-08-27T17:00,33.9,41,1000.3,98,0.0,5.18,143,0.116,0.0
2022-08-27T18:00,33.6,42,1000.1,95,0.0,5.16,144,0.116,0.0
2022-08-27T19:00,33.5,43,999.8,100,0.0,4.79,143,0.116,0.0
2022-08-27T20:00,32.7,46,999.7,100,0.0,4.43,143,0.116,0.0
2022-08-27T21:00,32.4,47,999.8,99,0.0,4.54,144,0.116,0.0
2022-08-27T22:00,32.4,49,999.3,99,0.0,3.61,135,0.116,0.0
2022-08-27T23:00,32.2,50,999.9,93,8.0,3.82,133,0.116,0.0
2022-08-28T00:00,32.2,50,1000.7,95,108.0,4.56,134,0.116,0.0
2022-08-28T01:00,32.8,51,1000.8,98,305.0,5.28,147,0.116,0.0
2022-08-28T02:00,35.5,46,1000.9,100,513.0,5.59,156,0.116,0.0
2022-08-28T03:00,36.6,41,1000.9,100,669.0,5.42,157,0.116,0.0
2022-08-28T04:00,36.8,41,999.9,100,791.0,4.86,160,0.116,0.0
2022-08-28T05:00,38.3,37,998.7,100,781.0,4.19,163,0.116,0.0
2022-08-28T06:00,39.0,36,997.7,100,817.0,3.57,165,0.116,0.0
2022-08-28T07:00,39.6,35,997.0,100,705.0,2.82,163,0.116,0.0
2022-08-28T08:00,38.7,37,996.5,100,604.0,2.15,155,0.116,0.0
2022-08-28T09:00,39.2,34,996.1,100,349.0,1.2,135,0.116,0.0
2022-08-28T10:00,37.5,36,997.3,99,82.0,2.44,75,0.117,0.0
2022-08-28T11:00,35.2,45,997.9,100,35.0,2.34,74,0.12,0.2
2022-08-28T12:00,35.0,46,998.6,100,1.0,1.65,14,0.121,0.0
2022-08-28T13:00,35.7,43,999.5,96,0.0,2.6,359,0.121,0.0
2022-08-28T14:00,34.3,47,1000.6,86,0.0,2.72,13,0.121,0.0
2022-08-28T15:00,32.5,54,1001.4,89,0.0,1.43,12,0.122,0.1
2022-08-28T16:00,32.5,54,1002.1,92,0.0,0.61,305,0.123,0.0
2022-08-28T17:00,32.2,55,1002.0,92,0.0,0.43,249,0.123,0.0
2022-08-28T18:00,32.2,56,1001.6,96,0.0,0.96,223,0.123,0.0
2022-08-28T19:00,31.9,57,1002.3,99,0.0,2.06,229,0.123,0.0
2022-08-28T20:00,30.3,60,1002.9,96,0.0,2.62,222,0.123,0.0
2022-08-28T21:00,29.3,62,1003.4,88,0.0,2.77,221,0.123,0.0
2022-08-28T22:00,29.0,60,1004.3,82,0.0,4.35,251,0.123,0.0
2022-08-28T23:00,27.8,59,1005.2,97,7.0,4.52,250,0.123,0.0
